<?xml version="1.0" encoding="utf-8"?>
<LibraryConfigTool>
  <!--
  Library Config File

  This file is processed by the LibraryConfigTool (located in the
  %SAGE_SANDBOX%\Tools\Bin folder). It contains information specific to this
  Library.
  
  See http://orbdevtfs/Sites/Architecture/Technology/LibraryConfigTool/All%20Pages/Home.aspx
  for documentation information about the tool and its usage of XML configuration files.
  -->
  <!-- 
  Reference other shared config XML files.
  
  NOTE:  Unlike other attributes in the library config, no variables other than
         $(System::SandboxDir) may be used in this particular Path attribute.
  -->
  <Includes>
    <Include Path="$(System::SandboxDir)\Libraries\CM\LibraryConfig-LibrarySet.xml" />
    <Include Path="$(System::SandboxDir)\Build\LibraryConfig-CommonLibraryPreBuild.xml" />
    <Include Path="$(System::SandboxDir)\Build\LibraryConfig-CommonCreateBuildScript.xml" />
    <Include Path="$(System::SandboxDir)\Build\LibraryConfig-CommonCreateVersionStampFileList.xml" />
    <Include Path="$(System::SandboxDir)\Build\LibraryConfig-CommonCreateCheckInFileList.xml" />
    <Include Path="$(System::SandboxDir)\Build\LibraryConfig-CommonPackage.xml" />
  </Includes>

  <!-- Describes the other Libraries that this Library is dependent upon. -->
  <References>
    <Reference LibrarySetId="Sandbox" LibraryName="Tools" />
  </References>


  <!--
  Define values of variables for use in this and other shared config XML
  files.  Variables may be expressed in terms of other variables.
  -->
  <Variables>
    <Variable Name="LibraryName"      Value="Resources" />
    <Variable Name="LibraryVersion"   Value="4.5" />

    <!-- This file will be used by the build driver to create the build script; used by LibraryConfig-CommonCreateBuildScript.xml -->
    <Variable Name="BuildScriptFile" Value="$(LibraryDir)\$(LibrarySetId)_$(LibraryName).fbp7"/>
    
    <Variable Name="LibraryRuntimeFilesDir"   Value="$(LibrarySetRuntimeFilesDir)\$(LibraryName)\bin" Override="true"/>

    <Variable Name="UseConfigurationNameDir"            Value="false"  Override="true"/>

    <CollectionVariable Name="WXSIconElements">
    </CollectionVariable>

  </Variables>

  <TargetGroups>
    <TargetGroup Id="Common">
      <Target Name="Sage.CRE.Resources">
        <Setting Name="Installed" Value="true"/>
        <Setting Name="GacUtil" Value="true" />
        <Setting Name="LibraryRuntimeFilesDir" Value="$(RuntimeFilesGacDir)" />
        <Setting Name="CopyXmlDocFile" Value="false"/>
      </Target>
    </TargetGroup>
  </TargetGroups>

  <FileGroups>
    <!-- 
    Exclude expressions are ';'-delimited lists of file exculsion specifications.  Format can include:
      - complete filename;  (path is relative from the source directory)
      
           E.g., SomeDirectory\ExcludeMe.txt
           
      - file spec with wildcards;  (path is relative from the source directory)
      
           E.g., SomeDirectory\SomeOtherDirectory\Excl?deMe.txt
           
      - either a complete filename or a file spec prefixed with additional path information

           E.g., **\SomeOtherDirectory\Excl?deMe.txt (exclude anything like Excl?deMe.txt whose path ends in SomeOtherDirectory)
    -->

    <!-- Non-target files that should be included in packages intended for end-users -->
    <FileGroup Id="EndUser-Server">
    </FileGroup>

    <FileGroup Id="EndUser-Common">
    </FileGroup>

    <FileGroup Id="EndUser-Client">
    </FileGroup>

    <FileGroup Id="EndUser">
      <AddFilesFromCollection CollectionName="System::FileGroups::EndUser-Server"/>
      <AddFilesFromCollection CollectionName="System::FileGroups::EndUser-Common"/>
      <AddFilesFromCollection CollectionName="System::FileGroups::EndUser-Client"/>
    </FileGroup>

    <!-- Non-target files that should be included in packages intended for Developers -->
    <FileGroup Id="Developer">
      <AddFiles SourceDir="$(System::SandboxDir)\Resources" FileSpec="*" Recursive="true"/>

      <AddFiles SourceDir="$(DeploymentsDir)" FileSpec="Sage.$(LibrarySetId).$(LibraryName).wixlib" />
      <AddFiles SourceDir="$(DeploymentsDir)" FileSpec="Sage.$(LibrarySetId).$(LibraryName)_Test.msi" />
    </FileGroup>

    <!-- The UnitTest file group contains additional file necessary to run unit tests.  Intended to be laid down on top of an install.-->
    <FileGroup Id="UnitTest">
    </FileGroup>

    <!-- These files will be version stamped by the build driver during production builds; used by LibraryConfig-CommonCreateVersionStampFileList.xml -->
    <FileGroup Id="VersionStampFiles">
      <AddFile FileName="$(LibraryDir)\LinkedSource\AssemblyAttributes.cs" />
    </FileGroup>

    <!-- These files will be checked-in by the build driver during production builds; used by LibraryConfig-CommonCreateCheckInFileList.xml -->
    <FileGroup Id="CheckInFiles">
      <AddFiles SourceDir="$(LibraryDir)" FileSpec="LibraryConfig-WXSComponentGuids-*.xml" Recursive="false" FailIfMissing="false" />
    </FileGroup>

  </FileGroups>

  <Actions>

    <Action Id="PostBuild" RequiresTarget="true" OnFailureAction="PostBuild_OnFailure">
    </Action>

    <Action Id="CreateDeployment">

      <CallAction ActionId="CreateDeployment" Path="$(BuildDir)\LibraryConfig-CommonCreateDeploymentCore.xml">
        <WithParam Name="Param_LibraryInstallFileName" Value="Sage.$(LibrarySetId).$(LibraryName)"/>
        <WithParam Name="Param_LibraryTestInstallerProductGuid" Value="1F99AF5A-5D9D-4DA5-94E9-224EE8AC01DB"/>
        <WithParam Name="Param_LibraryTestInstallerUpgradeCodeGuid" Value="2D430ABD-3BB0-4549-AAE6-E70A9C40E091"/>
        <WithParam Name="Param_Description" Value="Sage $(LibrarySetId) $(LibraryName)"/>
        <WithParam Name="Param_WXSIconElementsCollectionName" Value="WXSIconElements"/>
        <WithParam Name="Param_EndUserFileGroupCollectionName" Value="System::FileGroups::EndUser-Common"/>
        <WithParam Name="Param_TargetsToPackageCollectionName" Value="System::TargetGroups::Common"/>
        <WithParam Name="Param_SageProgramsMenuFolderWXSDirectoryId" Value="DIR_PMF_Sage"/>
      </CallAction>

	  </Action>

    <Action Id="SandboxActivate">
      <CallAction ActionId="SandboxActivate" Path="$(System::SandboxDir)\Build\LibraryConfig-CommonSandboxActivate.xml" />
    </Action>


  </Actions>

</LibraryConfigTool>
