﻿<?xml version="1.0" encoding="utf-8"?>
<InstanceConfig Version="1">
  <!--
  The InstanceConfig is used to specialize an instance of the CRE HostingFramework to a particular Product.
  This file should be REPLACED by the consuming Product with a version of the file that contains
  product-specific values.
  -->
  
  <!-- BaseName: the identifier to be used as the <BaseName> portion of this instance's service name. Used to derive the complete service name: <BaseName>.<Version> -->
  <BaseName>Sage.CRE.HostingFramework.Service</BaseName>

  <!-- Version: the identifier to be used as the <Version> portion of this instance's service name. Used to derive the complete service name: <BaseName>.<Version> -->
  <Version>4.5</Version>

  <!-- DisplayName: the display name of this instance (shown as the Name for the service in the Services Control Panel) -->
  <DisplayName>Sage CRE Hosting Framework (v4.5)</DisplayName>

  <!-- Description: the desciption of this instance (shown as the Description for the service in the Services Control Panel) -->
  <Description>Provides a generic framework for hosting Sage CRE service-oriented components.</Description>

  <!-- NotifyHostReadyTimeout: the timeout value to use (in milliseconds) when attempting to notify clients that the host is ready -->
  <NotifyHostReadyTimeout>10000</NotifyHostReadyTimeout>

  <!-- User: override the default user to set as the service account name when installing the hosting framework -->
  <User></User>

  <!-- Password: override the default password to provide for the service account.  Only appicable for non-stock, user service account names -->
  <Password></Password>

  <!-- StartType: override the default behavior for start type. Options are disabled, automatic and manual-->
  <StartType></StartType>

  <!-- FirstFailure: override the default behavior for first failure action. Options are none, restart and reboot. -->
  <FirstFailure></FirstFailure>

  <!-- SecondFailure: override the default behavior for second failure action. Options are none, restart and reboot. -->
  <SecondFailure></SecondFailure>

  <!-- ThirdFailure: override the default behavior for third failure action. Options are none, restart and reboot. -->
  <SubsequentFailure></SubsequentFailure>
  
  <BaseAddresses>
    <BaseAddress Id="tcp">
      <!-- The template which will be usued in conjunction with the dynamic port number to assign base addresses to services -->
      <AddressTemplate>net.tcp://localhost:{0}</AddressTemplate>
      <!-- The TCP starting port number used by this service to expose services via tcp; ports starting at this number will be used -->
      <!-- NOTE:  as of last check, according to http://www.iana.org/assignments/port-numbers, 48620-48999, 49001-49150 is unassigned -->
      <!-- Usage:
        - Architecture/Platform is using 48620
        - STE is using 48650
        - Skyfire (DEV) is using 48700
        - Skyfire/STO is using 48710
        - SCA Connector in production is using 48730, and 48740
        - SMB is using 48750      
        - Sage Connector is using 48800, 488010
      -->
      <StartingPort>48620</StartingPort>
    </BaseAddress>
  </BaseAddresses>

  <!-- Whether the local Users group should have access permissions to the service's ProgramData folder -->
  <RemoveUsersPermissionToAppData>false</RemoveUsersPermissionToAppData>

  <!-- Whether the Windows Firewall should be configured to block incoming connection requests to this 
  application (from remote machines) -->
  <BlockApplicationIncomingConnections>false</BlockApplicationIncomingConnections>

</InstanceConfig>