<?xml version="1.0"?>
<doc>
    <assembly>
        <name>Sage.CRE.HostingFramework.ServiceMonitor</name>
    </assembly>
    <members>
        <member name="T:Sage.Sandbox.Tools.LinkedSource.FolderRedirectSchemaException">
            <summary>
            Exception thrown when a schema error is found with a folder redirect file
            </summary>
        </member>
        <member name="M:Sage.Sandbox.Tools.LinkedSource.FolderRedirectSchemaException.#ctor(System.String,System.Exception)">
            <summary>
            Construct an instance of the FolderRedirectSchemaException class
            </summary>
            <param name="errorMessage">ErrorMessage</param>
            <param name="innerException">An inner exception</param>
        </member>
        <member name="M:Sage.Sandbox.Tools.LinkedSource.FolderRedirectSchemaException.#ctor(System.Runtime.Serialization.SerializationInfo,System.Runtime.Serialization.StreamingContext)">
            <summary>
            Serialization Constructor
            </summary>
            <param name="si">Serialization Info</param>
            <param name="sc">Streaming Context</param>
        </member>
        <member name="T:Sage.Sandbox.Tools.LinkedSource.FolderManager">
            <summary>
            </summary>
        </member>
        <member name="M:Sage.Sandbox.Tools.LinkedSource.FolderManager.GetRedirectLocation(System.String)">
            <summary>
            Retrieve a location specified by a redirect file
            </summary>
            <param name="redirectTypeExpression">An XPath expression used to locate the redirect information for a specific type of file</param>
            <returns>The location specified by a redirect file</returns>
            <remarks>The redirect file is a simple XML file that contains alternate locations for various default locations</remarks>
        </member>
        <member name="M:Sage.Sandbox.Tools.LinkedSource.FolderManager.GetRedirectFile">
            <summary>
            Returns the name and path of the redirect file if it exists 
            or null if it does not exists.
            </summary>
        </member>
        <member name="M:Sage.Sandbox.Tools.LinkedSource.FolderManager.ConditionalTrace(System.String,System.Object[])">
            <summary>
            Writes a message to the trace listeners if the "Sage.Sandbox.Tools.LinkedSource.FolderManager"
            trace switch is enabled.
            </summary>
            <remarks>
            To enable the switch, place the following in the application's exe.config:
            <example>
                <system.diagnostics>
                    <switches>
                        <add name="Sage.Sandbox.Tools.LinkedSource.FolderManager" value="1" />
                    </switches> 
                </system.diagnostics>
            </example>
            </remarks>
            <param name="format">A String containing zero or more format items.</param>
            <param name="args">An Object array containing zero or more objects to format.</param>
        </member>
        <member name="P:Sage.Sandbox.Tools.LinkedSource.FolderManager.SageCommonProgramFilesLocation">
            <summary>
            Returns the location where the shared Sage libraries are installed
            </summary>
            <remarks>Although shared libraries are typically expected to be 
            located at "Program Files\Common Files\Sage", an alternate location 
            can be specified via the 'Location' attribute on the 'SharedLibraries' 
            element in a FolderRedirect.xml file at: 
            C:\Documents and Settings\All Users\Application Data\Sage</remarks>
        </member>
        <member name="P:Sage.Sandbox.Tools.LinkedSource.FolderManager.CommonProgramFilesLocation">
            <summary>
            Returns the location where the shared libraries are installed
            </summary>
            <remarks>Although shared libraries are typically expected to be 
            located at "Program Files\Common Files", an alternate location 
            can be specified via the 'Location' attribute on the 'SharedLibraries' 
            element in a FolderRedirect.xml file at: 
            C:\Documents and Settings\All Users\Application Data\Sage</remarks>
        </member>
        <member name="P:Sage.Sandbox.Tools.LinkedSource.FolderManager.SharedDocumentsLocation">
            <summary>
            Return the location for shared documents on the current machine
            </summary>
            <remarks>Although this location is typically 
            "C:\Documents and Settings\All Users\Application Data\Shared Documents", 
            an alternate location can be specified via the 'Location' attribute on the 'SharedDocuments'
            element in a FolderRedirect.xml file at: 
            C:\Documents and Settings\All Users\Application Data\Sage</remarks>
        </member>
        <member name="P:Sage.Sandbox.Tools.LinkedSource.FolderManager.SageCommonApplicationDataLocation">
            <summary>
            Return the location for configuration files shared by all users on a machine
            </summary>
            <remarks>Although this location is typically 
            "C:\Documents and Settings\All Users\Application Data\Sage", 
            an alternate location can be specified via the 'Location' attribute on the 
            'SharedConfiguration' element in a FolderRedirect.xml file at: 
            C:\Documents and Settings\All Users\Application Data\Sage</remarks>
        </member>
        <member name="P:Sage.Sandbox.Tools.LinkedSource.FolderManager.SageApplicationDataLocation">
            <summary>
            Base location for configuration files for a specific user on a machine
            </summary>
            <remarks>Although this location is typically 
            "C:\Documents and Settings\[User Name]\Application Data\Sage", 
            an alternate location can be specified via the 'Location' attribute on 
            the 'UserConfigurationBase' element in a FolderRedirect.xml file at: 
            C:\Documents and Settings\All Users\Application Data\Sage</remarks>
        </member>
        <member name="P:Sage.Sandbox.Tools.LinkedSource.FolderManager.MyDocumentsLocation">
            <summary>
            Return the location for My Documents for a specific user on a machine
            </summary>
            <remarks>Although this location is typically 
            "C:\Documents and Settings\[User Name]\My Documents", 
            an alternate location can be specified via the 'Location' attribute on the 
            'UserConfigurationBase' element in a FolderRedirect.xml file at: 
            C:\Documents and Settings\All Users\Application Data\Sage</remarks>
        </member>
        <member name="F:Sage.CM.HostingFramework.LinkedSource.LibraryConstants.LibrarySetId">
            <summary>
            The library set ID for the library.
            </summary>
        </member>
        <member name="F:Sage.CM.HostingFramework.LinkedSource.LibraryConstants.LibraryName">
            <summary>
            The library name for the library.
            </summary>
        </member>
        <member name="F:Sage.CM.HostingFramework.LinkedSource.LibraryConstants.LibraryVersion">
            <summary>
            The library version for the library in "major.minor" format.
            </summary>
        </member>
        <member name="M:Sage.CM.HostingFramework.LinkedSource.LibraryConstants.LibraryAssemblyFullName(System.String)">
            <summary>
            The full-name of an assembly in the Sage CM\HostingFramework library.
            </summary>
            <param name="assemblyDisplayName">The display name of the assembly</param>
            <returns>The assembly full-name as in:  &lt;Display Name&gt;,&lt;Version&gt;,&lt;Culture&gt;,&lt;PublicKey Token&gt;</returns>
        </member>
        <member name="M:Sage.CM.HostingFramework.LinkedSource.LibraryConstants.VersionSpecific.LibraryApplicationDataFolder(System.String)">
            <summary>
            The path to the version-specific Application Data folder for this library.
            
            [Runtime Files]\Documents and Settings\All Users\Application Data\Sage\&lt;LibrarySetId&gt;\&lt;Library Name&gt;\&lt;LibraryVersion&gt;
            </summary>
            <param name="sharedConfigLocation">The shared config location (typically supplied by Sage.Configuration.LibraryManager.SharedConfigLocation (Sage.LS2.Core.LibraryManager.dll)</param>
        </member>
        <member name="M:Sage.CM.HostingFramework.LinkedSource.LibraryConstants.VersionSpecific.LibraryCommonFilesFolder(System.String)">
            <summary>
            The path to the version-specific Common Files folder for this library.
            
            [Runtime Files]\Common Files\Sage\&lt;LibrarySetId&gt;\&lt;Library Name&gt;\&lt;LibraryVersion&gt;
            </summary>
            <param name="sharedLibrariesLocation">The shared libraries location (typically supplied by Sage.Configuration.LibraryManager.SharedLibrariesLocation (Sage.LS2.Core.LibraryManager.dll)</param>
        </member>
        <member name="P:Sage.CM.HostingFramework.LinkedSource.LibraryConstants.VersionSpecific.LibraryRelativePath">
            <summary>
            A version-specific relative path for this library.
            
            &lt;LibrarySetId&gt;\&lt;Library Name&gt;\&lt;LibraryVersion&gt;
            </summary>
        </member>
        <member name="P:Sage.CM.HostingFramework.LinkedSource.LibraryConstants.VersionSpecific.LibraryRegistryKeyName">
            <summary>
            The name of the version-specific registry key name for this library.
            
            SOFTWARE\Sage\&lt;LibrarySetId&gt;\&lt;Library Name&gt;\&lt;LibraryVersion&gt;
            </summary>
        </member>
        <member name="M:Sage.CM.HostingFramework.LinkedSource.LibraryConstants.VersionIndependent.LibraryApplicationDataFolder(System.String)">
            <summary>
            The path to the version-independent Application Data folder for this library.
            
            [Runtime Files]\Documents and Settings\All Users\Application Data\Sage\&lt;LibrarySetId&gt;\&lt;Library Name&gt;
            </summary>
            <param name="sharedConfigLocation">The shared config location (typically supplied by Sage.Configuration.LibraryManager.SharedConfigLocation (Sage.LS2.Core.LibraryManager.dll)</param>
        </member>
        <member name="M:Sage.CM.HostingFramework.LinkedSource.LibraryConstants.VersionIndependent.LibraryCommonFilesFolder(System.String)">
            <summary>
            The path to the version-independent Common Files folder for this library.
            
            [Runtime Files]\Common Files\Sage\&lt;LibrarySetId&gt;\&lt;Library Name&gt;
            </summary>
            <param name="sharedLibrariesLocation">The shared libraries location (typically supplied by Sage.Configuration.LibraryManager.SharedLibrariesLocation (Sage.LS2.Core.LibraryManager.dll)</param>
        </member>
        <member name="P:Sage.CM.HostingFramework.LinkedSource.LibraryConstants.VersionIndependent.LibraryRelativePath">
            <summary>
            A version-independent relative path for this library.
            
            &lt;LibrarySetId&gt;\&lt;Library Name&gt;
            </summary>
        </member>
        <member name="P:Sage.CM.HostingFramework.LinkedSource.LibraryConstants.VersionIndependent.LibraryRegistryKeyName">
            <summary>
            The name of the version-independent registry key name for this library.
            
            SOFTWARE\Sage\&lt;LibrarySetId&gt;\&lt;Library Name&gt;
            </summary>
        </member>
        <member name="M:Sage.CRE.HostingFramework.LinkedSource.ServiceConstantsFactory.GetConstants(System.String)">
            <summary>
            
            </summary>
            <param name="hostingFrameworkServiceExeFilePath"></param>
            <returns></returns>
        </member>
        <member name="T:Sage.CRE.HostingFramework.LinkedSource.ServiceConstants">
            <summary>
            Internal string constants 
            </summary>
        </member>
        <member name="P:Sage.CRE.HostingFramework.LinkedSource.ServiceConstants.Name">
            <summary>
            The service name
            </summary>
        </member>
        <member name="P:Sage.CRE.HostingFramework.LinkedSource.ServiceConstants.Version">
            <summary>
            The service version
            </summary>
        </member>
        <member name="P:Sage.CRE.HostingFramework.LinkedSource.ServiceConstants.DisplayName">
            <summary>
            The display name of the service
            </summary>
        </member>
        <member name="P:Sage.CRE.HostingFramework.LinkedSource.ServiceConstants.FileName">
            <summary>
            The file name (i.e., without the path) of the service EXE
            </summary>
        </member>
        <member name="P:Sage.CRE.HostingFramework.LinkedSource.ServiceConstants.ServiceProcessRunningMutexName">
            <summary>
            The name of the service process running mutex
            </summary>
        </member>
        <member name="P:Sage.CRE.HostingFramework.LinkedSource.ServiceConstants.ServiceReadyMutexName">
            <summary>
            The name of the service-ready mutex
            </summary>
        </member>
        <member name="P:Sage.CRE.HostingFramework.LinkedSource.ServiceConstants.ServiceStartErrorResultFilename">
            <summary>
            File name for service error file
            </summary>
        </member>
        <member name="P:Sage.CRE.HostingFramework.LinkedSource.ServiceConstants.ExeFilePath">
            <summary>
            The full path to the service EXE
            </summary>
        </member>
        <member name="P:Sage.CRE.HostingFramework.LinkedSource.ServiceConstants.Description">
            <summary>
            The description text for the service in the SCM
            </summary>
        </member>
        <member name="P:Sage.CRE.HostingFramework.LinkedSource.ServiceConstants.NotifyHostReadyTimeout">
            <summary>
            The timeout value to use (in milliseconds) when attempting to notify clients that the host is ready 
            </summary>
        </member>
        <member name="P:Sage.CRE.HostingFramework.LinkedSource.ServiceConstants.InstanceApplicationDataFolder">
            <summary>
            The path to the instance-specific Application Data folder.
            </summary>
        </member>
        <member name="P:Sage.CRE.HostingFramework.LinkedSource.ServiceConstants.InstanceConfigFilePath">
            <summary>
            The path to the instance-specific configuration file.
            </summary>
            <remarks>
            This file should NOT be installed.  It is copied at run-time (if it doesn't exist) from the default file.
            </remarks>
        </member>
        <member name="P:Sage.CRE.HostingFramework.LinkedSource.ServiceConstants.InstanceConfigDefaultsFilePath">
            <summary>
            The path to the instance-specific default configuration file.
            </summary>
            <remarks>
            This file should be installed.
            </remarks>
        </member>
        <member name="P:Sage.CRE.HostingFramework.LinkedSource.ServiceConstants.CatalogServicePortNumber">
            <summary>
            The port number of the Catalog Service, this port is the only "well-known" port.  All others must be discovered through the catalog service.
            </summary>
        </member>
        <member name="P:Sage.CRE.HostingFramework.LinkedSource.ServiceConstants.RemoveUsersPermissionToAppData">
            <summary>
            Whether the Users group should have all AppData permission revoked
            </summary>
        </member>
        <member name="P:Sage.CRE.HostingFramework.LinkedSource.ServiceConstants.BlockApplicationIncomingConnections">
            <summary>
            Whether the Windows Firewall should be configured to block all (non-local) incoming connections
            </summary>
        </member>
        <member name="P:Sage.CRE.HostingFramework.LinkedSource.ServiceConstants.ServiceAccountUser">
            <summary>
            User to install and run the service as
            Can be a stock account such as Network Service
            </summary>
        </member>
        <member name="P:Sage.CRE.HostingFramework.LinkedSource.ServiceConstants.ServiceAccountPassword">
            <summary>
            Password for the provided service account user
            Not applicable for stock accounts such as Network Service
            </summary>
        </member>
        <member name="P:Sage.CRE.HostingFramework.LinkedSource.ServiceConstants.ServiceStartType">
            <summary>
            The start type to use for the service
            </summary>
        </member>
        <member name="P:Sage.CRE.HostingFramework.LinkedSource.ServiceConstants.ServiceFirstFailureAction">
            <summary>
            The action to take on first failue of the service
            </summary>
        </member>
        <member name="P:Sage.CRE.HostingFramework.LinkedSource.ServiceConstants.ServiceSecondFailureAction">
            <summary>
            The action to take on second failure of the service
            </summary>
        </member>
        <member name="P:Sage.CRE.HostingFramework.LinkedSource.ServiceConstants.ServiceSubsequentFailureAction">
            <summary>
            The action to take on all subsequent failures of the service
            After the first and second
            </summary>
        </member>
        <member name="P:Sage.CRE.HostingFramework.LinkedSource.ServiceConstants.ServiceDelayedStart">
            <summary>
            Whether or not to delay an auto start service
            </summary>
        </member>
        <member name="F:Sage.CRE.HostingFramework.ServiceMonitor.MainForm.components">
            <summary>
            Required designer variable.
            </summary>
        </member>
        <member name="M:Sage.CRE.HostingFramework.ServiceMonitor.MainForm.Dispose(System.Boolean)">
            <summary>
            Clean up any resources being used.
            </summary>
            <param name="disposing">true if managed resources should be disposed; otherwise, false.</param>
        </member>
        <member name="M:Sage.CRE.HostingFramework.ServiceMonitor.MainForm.InitializeComponent">
            <summary>
            Required method for Designer support - do not modify
            the contents of this method with the code editor.
            </summary>
        </member>
        <member name="F:Sage.CRE.HostingFramework.ServiceMonitor.Internal.SettingsForm.components">
            <summary>
            Required designer variable.
            </summary>
        </member>
        <member name="M:Sage.CRE.HostingFramework.ServiceMonitor.Internal.SettingsForm.Dispose(System.Boolean)">
            <summary>
            Clean up any resources being used.
            </summary>
            <param name="disposing">true if managed resources should be disposed; otherwise, false.</param>
        </member>
        <member name="M:Sage.CRE.HostingFramework.ServiceMonitor.Internal.SettingsForm.InitializeComponent">
            <summary>
            Required method for Designer support - do not modify
            the contents of this method with the code editor.
            </summary>
        </member>
        <member name="M:Sage.CRE.HostingFramework.ServiceMonitor.Program.Main">
            <summary>
            The main entry point for the application.
            </summary>
        </member>
    </members>
</doc>
