﻿<?xml version="1.0" encoding="utf-8" ?>
<configuration>

  <appSettings>
    <!--
    Format of the <service>_FullyQualifiedTypeName is "<Fully-qualified service typename>,<assembly identity>"
    
    Where <assembly identity> can be:
    1) a current directory dll (e.g., "SomeService.dll")
    2) a PathRegistrar-compatible dll path (e.g., "specialpath://librarymanager.sharedlibrarieslocation/SomeService.dll")
    3) a GAC assembly identity (e.g., "SomeService,Version=1.0.0.0,Culture=neutral,PublicKeyToken=3e78b2cabf12f868")
    -->

    <!-- ChatService -->
    <add key="ChatService_FullyQualifiedTypeName" value="Sage.CRE.HostingFramework.TestChatService.ChatService,Sage.CRE.HostingFramework.TestChatService.dll" />
    <add key="ChatService_Description" value="[TEST] Provides basic chat service" />
    <!-- ChatSubscriptionService -->
    <add key="ChatSubscriptionService_FullyQualifiedTypeName" value="Sage.CRE.HostingFramework.TestChatService.ChatSubscriptionService,Sage.CRE.HostingFramework.TestChatService.dll" />
    <add key="ChatSubscriptionService_Description" value="[TEST] Provides event subscription services for ChatService listeners" />
  </appSettings>

  <system.serviceModel>
    <services>
      <service name="ChatService" behaviorConfiguration="ServiceBehavior">
        <endpoint address="ChatService"
                  binding="netTcpBinding"
                  bindingConfiguration="ReliableTCP"
                  contract="Sage.CRE.HostingFramework.TestChatServiceInterfaces.IChat" />
        <!--
        MUST NOT ENABLE mex if we use non-default values of maxConnections and/or listenBacklog
        <endpoint address="mex"
          binding="mexTcpBinding"
          contract="IMetadataExchange"/>
          -->
      </service>
      <service name="ChatSubscriptionService" behaviorConfiguration="ServiceBehavior">
        <endpoint address="ChatSubscriptionService"
                  binding="netTcpBinding"
                  bindingConfiguration="ReliableTCP"
                  contract="Sage.CRE.HostingFramework.TestChatServiceInterfaces.IChatSubscriptionService" />
      </service>
    </services>

    <behaviors>
      <serviceBehaviors>
        <behavior name="ServiceBehavior">
          <serviceThrottling maxConcurrentSessions="10000" />
          <serviceMetadata policyVersion="Policy15"/>
        </behavior>
      </serviceBehaviors>
    </behaviors>

    <bindings>
      <netTcpBinding>
        <binding name="ReliableTCP" maxConnections="100" listenBacklog="1000">
          <reliableSession enabled="true" />
          <security mode="Transport">
            <transport clientCredentialType="Windows" protectionLevel="EncryptAndSign" />
          </security>
        </binding>
      </netTcpBinding>
    </bindings>    
  </system.serviceModel>

</configuration>
