﻿<?xml version="1.0" encoding="utf-8"?>
<LibraryConfigTool>
  <Components>
    <Component Id="COM_Sage.CRE.HostingFramework.ServiceMonitor.exe" Guid="99E613ED-2D7E-432C-9BB0-107DC918B725" Path="PUT_DIRECTORYID_HERE\Sage.CRE.HostingFramework.ServiceMonitor.exe" />
    <Component Id="COM_Sage.CRE.HostingFramework.Interfaces.dll_GAC_3.2.0.0" Guid="DA49A3E4-CC4A-4811-8338-12A52AE7BE9B" Path="TARGETDIR\Sage.CRE.HostingFramework.Interfaces.dll" />
    <Component Id="COM_Sage.CRE.HostingFramework.Proxy.dll_GAC_3.2.0.0" Guid="C046C311-ACE9-42F0-BA63-5C70A1DC35FD" Path="TARGETDIR\Sage.CRE.HostingFramework.Proxy.dll" />
    <Component Id="COM_Sage.CRE.HostingFrameworkCommon_Sage.CRE.HostingFramwrk.MntrSrvc.xml" Guid="18612ECF-5DDF-4884-B6A8-772311450939" Path="CommonAppDataFolder\Sage\CRE\HostingFramework\Services\Sage.CRE.HostingFramework.MonitorService.xml" />
    <Component Id="COM_Sage.CRE.HostingFrameworkCommon_Sage.CRE.HostingFramwrk.CtlgSrvc.xml" Guid="C52A9285-8CEE-42E7-A379-1A052C6A8990" Path="CommonAppDataFolder\Sage\CRE\HostingFramework\Services\Sage.CRE.HostingFramework.CatalogService.xml" />
    <Component Id="COM_Sage.CRE.HostingFrameworkCommon_Sage.CRE.HostngFrmwrk.MntrSrvc.xml_0" Guid="5BE879D2-0FB6-4A9F-863D-3F68D97D9616" Path="CommonFilesFolder\Sage\CRE\HostingFramework\Services\Sage.CRE.HostingFramework.MonitorService.xml" />
    <Component Id="COM_Sage.CRE.HostingFrameworkCommon_Sage.CRE.HostngFrmwrk.CtlgSrvc.xml_0" Guid="2216A324-4F64-44E5-99F2-1817D805C153" Path="CommonFilesFolder\Sage\CRE\HostingFramework\Services\Sage.CRE.HostingFramework.CatalogService.xml" />
    <Component Id="COM_Sage.CRE.HostingFramework.Interfaces.dll_GAC_4.1.0.0" Guid="ADF531D3-6749-4220-8789-6304622DDB32" Path="TARGETDIR\Sage.CRE.HostingFramework.Interfaces.dll" />
    <Component Id="COM_Sage.CRE.HostingFramework.Proxy.dll_GAC_4.1.0.0" Guid="63A96ED8-EF4E-46CE-A83E-DAFAF41A02F8" Path="TARGETDIR\Sage.CRE.HostingFramework.Proxy.dll" />
    <Component Id="COM_Sage.CRE.HostingFramework.Interfaces.dll_GAC_4.5.0.0" Guid="81F3CB4F-0C24-422A-8C6E-073F9AA5E134" Path="TARGETDIR\Sage.CRE.HostingFramework.Interfaces.dll" />
    <Component Id="COM_Sage.CRE.HostingFramework.Proxy.dll_GAC_4.5.0.0" Guid="3EE950B4-A7D5-4814-9A35-EB585BC246FE" Path="TARGETDIR\Sage.CRE.HostingFramework.Proxy.dll" />
  </Components>
  <Files>
    <File Id="FIL_Sage.CRE.HostingFrameworkCommon_Sage.CRE.HostingFramwrk.MntrSrvc.xml" Path="CommonAppDataFolder\Sage\CRE\HostingFramework\Services\Sage.CRE.HostingFramework.MonitorService.xml" />
    <File Id="FIL_Sage.CRE.HostingFrameworkCommon_Sage.CRE.HostingFramwrk.CtlgSrvc.xml" Path="CommonAppDataFolder\Sage\CRE\HostingFramework\Services\Sage.CRE.HostingFramework.CatalogService.xml" />
    <File Id="FIL_Sage.CRE.HostingFrameworkCommon_Sage.CRE.HostngFrmwrk.MntrSrvc.xml_0" Path="CommonFilesFolder\Sage\CRE\HostingFramework\Services\Sage.CRE.HostingFramework.MonitorService.xml" />
    <File Id="FIL_Sage.CRE.HostingFrameworkCommon_Sage.CRE.HostngFrmwrk.CtlgSrvc.xml_0" Path="CommonFilesFolder\Sage\CRE\HostingFramework\Services\Sage.CRE.HostingFramework.CatalogService.xml" />
  </Files>
  <Directories>
    <Directory Id="DIR_Sage.CRE.HostingFrameworkCommon_Sage" Path="CommonFilesFolder\Sage" />
    <Directory Id="DIR_Sage.CRE.HostingFrameworkCommon_CRE" Path="CommonFilesFolder\Sage\CRE" />
    <Directory Id="DIR_Sage.CRE.HostingFrameworkCommon_HostingFramework" Path="CommonFilesFolder\Sage\CRE\HostingFramework" />
    <Directory Id="DIR_Sage.CRE.HostingFrameworkCommon_Sage_0" Path="CommonAppDataFolder\Sage" />
    <Directory Id="DIR_Sage.CRE.HostingFrameworkCommon_CRE_0" Path="CommonAppDataFolder\Sage\CRE" />
    <Directory Id="DIR_Sage.CRE.HostingFrameworkCommon_HostingFramework_0" Path="CommonAppDataFolder\Sage\CRE\HostingFramework" />
    <Directory Id="DIR_Sage.CRE.HostingFrameworkCommon_Services" Path="CommonAppDataFolder\Sage\CRE\HostingFramework\Services" />
    <Directory Id="DIR_Sage.CRE.HostingFrameworkCommon_Services_0" Path="CommonFilesFolder\Sage\CRE\HostingFramework\Services" />
  </Directories>
</LibraryConfigTool>