﻿<?xml version="1.0" encoding="utf-8"?>
<LibraryConfigTool>
  <Components>
    <Component Id="COM_Sage.CRE.HostingFramework.Service.exe" Guid="4657E06E-4C18-4A16-AF28-1828639E79F8" Path="PUT_DIRECTORYID_HERE\Sage.CRE.HostingFramework.Service.exe" />
    <Component Id="COM_Sage.CRE.HostingFramework.ServiceLibrary.dll_GAC_3.2.0.0" Guid="F1732BF2-2CE8-43B9-983B-439B9A95EE5E" Path="TARGETDIR\Sage.CRE.HostingFramework.ServiceLibrary.dll" />
    <Component Id="COM_Sage.CRE.HostingFrameworkServer_Sage.CRE.HostingFramwrk.MntrSrvc.xml" Guid="A719B054-B749-40B0-ABDE-CE3FAD3EE22E" Path="CommonFilesFolder\Sage\CRE\HostingFramework\Services\Sage.CRE.HostingFramework.MonitorService.xml" />
    <Component Id="COM_Sage.CRE.HostingFrameworkServer_Sage.CRE.HostingFramwrk.CtlgSrvc.xml" Guid="5BE97971-3FFA-4011-A114-18FF47EA2699" Path="CommonFilesFolder\Sage\CRE\HostingFramework\Services\Sage.CRE.HostingFramework.CatalogService.xml" />
    <Component Id="COM_Sage.CRE.HostingFramework.ServiceLibrary.dll" Guid="610700C6-0DD6-49E2-A7CA-BAD1E8D7EBA7" Path="PUT_DIRECTORYID_HERE\Sage.CRE.HostingFramework.ServiceLibrary.dll" />
    <Component Id="COM_Sage.CRE.HostingFrameworkServer_Sage.CRE.HostngFrmwrk.MntrSrvc.xml_0" Guid="53ABA91A-59F5-469D-9147-D152CC3A1608" Path="INSTALLDIR\HostingFrameworkServices\Sage.CRE.HostingFramework.MonitorService.xml" />
    <Component Id="COM_Sage.CRE.HostingFrameworkServer_Sage.CRE.HostngFrmwrk.CtlgSrvc.xml_0" Guid="40649830-744D-4F39-813F-E1C0F19A9D4F" Path="INSTALLDIR\HostingFrameworkServices\Sage.CRE.HostingFramework.CatalogService.xml" />
  </Components>
  <Files>
    <File Id="FIL_Sage.CRE.HostingFrameworkServer_Sage.CRE.HostingFramwrk.MntrSrvc.xml" Path="CommonFilesFolder\Sage\CRE\HostingFramework\Services\Sage.CRE.HostingFramework.MonitorService.xml" />
    <File Id="FIL_Sage.CRE.HostingFrameworkServer_Sage.CRE.HostingFramwrk.CtlgSrvc.xml" Path="CommonFilesFolder\Sage\CRE\HostingFramework\Services\Sage.CRE.HostingFramework.CatalogService.xml" />
    <File Id="FIL_Sage.CRE.HostingFrameworkServer_Sage.CRE.HostngFrmwrk.MntrSrvc.xml_0" Path="INSTALLDIR\HostingFrameworkServices\Sage.CRE.HostingFramework.MonitorService.xml" />
    <File Id="FIL_Sage.CRE.HostingFrameworkServer_Sage.CRE.HostngFrmwrk.CtlgSrvc.xml_0" Path="INSTALLDIR\HostingFrameworkServices\Sage.CRE.HostingFramework.CatalogService.xml" />
  </Files>
  <Directories>
    <Directory Id="DIR_Sage.CRE.HostingFrameworkServer_Sage" Path="CommonFilesFolder\Sage" />
    <Directory Id="DIR_Sage.CRE.HostingFrameworkServer_CRE" Path="CommonFilesFolder\Sage\CRE" />
    <Directory Id="DIR_Sage.CRE.HostingFrameworkServer_HostingFramework" Path="CommonFilesFolder\Sage\CRE\HostingFramework" />
    <Directory Id="DIR_Sage.CRE.HostingFrameworkServer_Services" Path="CommonFilesFolder\Sage\CRE\HostingFramework\Services" />
    <Directory Id="DIR_Sage.CRE.HostingFrameworkServer_HostingFrameworkServices" Path="INSTALLDIR\HostingFrameworkServices" />
  </Directories>
</LibraryConfigTool>