<?xml version="1.0" encoding="utf-8"?>
<LibraryConfigTool>
  <!--
  Library Config File

  This file is processed by the LibraryConfigTool (located in the
  %SAGE_SANDBOX%\Tools\Bin folder). It contains information specific to this
  Library.
  
  See http://orbdevtfs/Sites/Architecture/Technology/LibraryConfigTool/All%20Pages/Home.aspx
  for documentation information about the tool and its usage of XML configuration files.
  -->

  <!-- 
  Reference other shared config XML files.
  
  NOTE:  Unlike other attributes in the library config, no variables other than
         $(System::SandboxDir) may be used in this particular Path attribute.
  -->
  <Includes>
    <Include Path="$(System::SandboxDir)\Libraries\CM\LibraryConfig-LibrarySet.xml" />
    <Include Path="$(System::SandboxDir)\Build\LibraryConfig-CommonLibraryPreBuild.xml" />
    <Include Path="$(System::SandboxDir)\Build\LibraryConfig-CommonCreateBuildScript.xml" />
    <Include Path="$(System::SandboxDir)\Build\LibraryConfig-CommonCreateVersionStampFileList.xml" />
    <Include Path="$(System::SandboxDir)\Build\LibraryConfig-CommonCreateCheckInFileList.xml" />
    <Include Path="$(System::SandboxDir)\Build\LibraryConfig-CommonPackage.xml" />
  </Includes>

  <!-- Describes the other Libraries that this Library is dependent upon. -->
  <References>
    <Reference LibrarySetId="Sandbox" LibraryName="Tools" />
    <Reference LibrarySetId="CM"     LibraryName="Core" />
    <Reference LibrarySetId="CM"     LibraryName="Microsoft" />
    <Reference LibrarySetId="CM"     LibraryName="NUnit" />
    <Reference LibrarySetId="CM"     LibraryName="Resources" />
  </References>

  <!--
  Define values of variables for use in this and other shared config XML
  files.  Variables may be expressed in terms of other variables.
  -->
  <Variables>

    <Variable Name="LibraryName"      Value="HostingFramework" />
    <Variable Name="LibraryVersion"   Value="4.5" />

    <!-- This file will be used by the build driver to create the build script; used by LibraryConfig-CommonCreateBuildScript.xml -->
    <Variable Name="BuildScriptFile" Value="$(LibraryDir)\$(LibrarySetId)_$(LibraryName).fbp7"/>

    <Variable Name="LibraryRuntimeFilesDir" Value="$(RuntimeFilesDir)\INSTALLDIR" Override="true"/>
    <Variable Name="ServicesDir"            Value="$(LibraryRuntimeFilesDir)\HostingFrameworkServices" />

    <CollectionVariable Name="WXSIconElements">
    </CollectionVariable>

  </Variables>

  <TargetGroups>

    <TargetGroup Id="Common">
      <Target Name="Sage.CRE.HostingFramework.ServiceMonitor">
        <Setting Name="TargetFileExtension" Value=".exe" />
        <Setting Name="Installed" Value="true"/>
      </Target>
      <Target Name="Sage.CRE.HostingFramework.Interfaces">
        <Setting Name="Installed" Value="true"/>
        <Setting Name="GacUtil" Value="true" />
        <Setting Name="LibraryRuntimeFilesDir" Value="$(RuntimeFilesGacDir)" />
      </Target>
      <Target Name="Sage.CRE.HostingFramework.Proxy">
        <Setting Name="Installed" Value="true"/>
        <Setting Name="GacUtil" Value="true" />
        <Setting Name="LibraryRuntimeFilesDir" Value="$(RuntimeFilesGacDir)" />
      </Target>
    </TargetGroup>

    <TargetGroup Id="Server">
      <Target Name="Sage.CRE.HostingFramework.Service">
        <Setting Name="TargetFileExtension" Value=".exe" />
        <Setting Name="Installed" Value="true"/>
      </Target>
      <Target Name="Sage.CRE.HostingFramework.ServiceLibrary">
        <Setting Name="Installed" Value="true"/>
      </Target>
    </TargetGroup>

    <TargetGroup Id="Client">
    </TargetGroup>

    <TargetGroup Id="Test">
      <!--<Target Name="Sage.CRE.HostingFramework.Test">
        <Setting Name="Installed" Value="false"/>
        <Setting Name="IncludeInUnitTestPackage" Value="true"/>
      </Target>-->
      <Target Name="Sage.CRE.HostingFramework.TestChatServiceClient">
        <Setting Name="TargetFileExtension" Value=".exe" />
        <Setting Name="Installed" Value="false"/>
        <Setting Name="IncludeInUnitTestPackage" Value="true"/>
      </Target>
      <Target Name="Sage.CRE.HostingFramework.TestChatService">
        <Setting Name="Installed" Value="false"/>
        <Setting Name="IncludeInUnitTestPackage" Value="true"/>
      </Target>
      <Target Name="Sage.CRE.HostingFramework.TestChatServiceInterfaces">
        <Setting Name="Installed" Value="false"/>
        <Setting Name="IncludeInUnitTestPackage" Value="true"/>
        <Setting Name="GacUtil" Value="true" />
        <Setting Name="LibraryRuntimeFilesDir" Value="$(RuntimeFilesGacDir)" />
      </Target>
      <Target Name="Sage.CRE.HostingFramework.TestChatServiceProxy">
        <Setting Name="Installed" Value="false"/>
        <Setting Name="IncludeInUnitTestPackage" Value="true"/>
        <Setting Name="GacUtil" Value="true" />
        <Setting Name="LibraryRuntimeFilesDir" Value="$(RuntimeFilesGacDir)" />
      </Target>
    </TargetGroup>

    <TargetGroup Id="Internal">
    </TargetGroup>
  </TargetGroups>

  <FileGroups>
    <!-- 
    Exclude expressions are ';'-delimited lists of file exculsion specifications.  Format can include:
      - complete filename;  (path is relative from the source directory)
      
           E.g., SomeDirectory\ExcludeMe.txt
           
      - file spec with wildcards;  (path is relative from the source directory)
      
           E.g., SomeDirectory\SomeOtherDirectory\Excl?deMe.txt
           
      - either a complete filename or a file spec prefixed with additional path information

           E.g., **\SomeOtherDirectory\Excl?deMe.txt (exclude anything like Excl?deMe.txt whose path ends in SomeOtherDirectory)
    -->

    <!-- Non-target files that should be included in packages intended for end-users -->
    <FileGroup Id="EndUser-Server">
      <AddFiles SourceDir="$(ServicesDir)"  FileSpec="Sage.CRE.HostingFramework.MonitorService.xml" />
      <AddFiles SourceDir="$(ServicesDir)"  FileSpec="Sage.CRE.HostingFramework.CatalogService.xml" />
    </FileGroup>

    <FileGroup Id="EndUser-Common">
    </FileGroup>

    <FileGroup Id="EndUser-Client">
    </FileGroup>

    <FileGroup Id="EndUser">
      <AddFilesFromCollection CollectionName="System::FileGroups::EndUser-Server"/>
      <AddFilesFromCollection CollectionName="System::FileGroups::EndUser-Common"/>
      <AddFilesFromCollection CollectionName="System::FileGroups::EndUser-Client"/>
    </FileGroup>

    <!-- Non-target files that should be included in packages intended for Developers -->
    <FileGroup Id="Developer">
      <AddFiles SourceDir="$(DeploymentsDir)" FileSpec="Sage.$(LibrarySetId).$(LibraryName)Server.wixlib" />
      <AddFiles SourceDir="$(DeploymentsDir)" FileSpec="Sage.$(LibrarySetId).$(LibraryName)Server_Test.msi" />
      <AddFiles SourceDir="$(DeploymentsDir)" FileSpec="Sage.$(LibrarySetId).$(LibraryName)Common.wixlib" />
      <AddFiles SourceDir="$(DeploymentsDir)" FileSpec="Sage.$(LibrarySetId).$(LibraryName)Common_Test.msi" />
      <AddFiles SourceDir="$(DeploymentsDir)" FileSpec="Sage.$(LibrarySetId).$(LibraryName)Client.wixlib" />
      <AddFiles SourceDir="$(DeploymentsDir)" FileSpec="Sage.$(LibrarySetId).$(LibraryName)Client_Test.msi" />
      <AddFiles SourceDir="$(LibraryDir)"  FileSpec="$(LibrarySetId)_$(LibraryName).fbp7" />

      <AddFiles SourceDir="$(LibrariesDir)\$(LibrarySetId)\LinkedSource" FileSpec="*.*" Recursive="true" />

      <AddFiles SourceDir="$(ServicesDir)"  FileSpec="Sage.CRE.HostingFramework.TestChatService.xml" />
      <AddFiles SourceDir="$(LibraryRuntimeFilesDir)"  FileSpec="Sage.CRE.HostingFramework.Service-InstanceConfigDefaults.xml" />
    </FileGroup>

    <!-- The UnitTest file group contains additional file necessary to run unit tests.  Intended to be laid down on top of an install.-->
    <FileGroup Id="UnitTest">
    </FileGroup>

    <!-- These files will be version stamped by the build driver during production builds; used by LibraryConfig-CommonCreateVersionStampFileList.xml -->
    <FileGroup Id="VersionStampFiles">
      <AddFile FileName="$(LibraryDir)\LinkedSource\AssemblyAttributes.cs" />
    </FileGroup>

    <!-- These files will be checked-in by the build driver during production builds; used by LibraryConfig-CommonCreateCheckInFileList.xml -->
    <FileGroup Id="CheckInFiles">
      <AddFiles SourceDir="$(LibraryDir)" FileSpec="LibraryConfig-WXSComponentGuids-*.xml" Recursive="false" FailIfMissing="false" />
    </FileGroup>
  </FileGroups>

  <Actions>

    <Action Id="PostBuild" RequiresTarget="true" OnFailureAction="PostBuild_OnFailure">
      <If Test="'$(TargetName)' == 'Sage.CRE.HostingFramework.Service'">
        <CopyFiles SourceFileSpec="$(LibraryDir)\Config\*.*" DestinationDir="$(ServicesDir)" />
        <CopyFiles SourceFileSpec="$(LibraryDir)\Sage.CRE.HostingFramework.Service-InstanceConfigDefaults.xml" DestinationDir="$(LibraryRuntimeFilesDir)" />
      </If>
    </Action>

    <Action Id="CreateDeployment">

      <CallAction ActionId="CreateDeployment" Path="$(BuildDir)\LibraryConfig-CommonCreateDeploymentCore.xml">
        <WithParam Name="Param_LibraryInstallFileName" Value="Sage.$(LibrarySetId).$(LibraryName)Server"/>
        <WithParam Name="Param_LibraryTestInstallerProductGuid" Value="6C7359DE-2797-4643-8181-1EFC808C24BE"/>
        <WithParam Name="Param_LibraryTestInstallerUpgradeCodeGuid" Value="6FC3EDCD-00E1-4EFC-9671-88B148BA588A"/>
        <WithParam Name="Param_Description" Value="Sage $(LibrarySetId) $(LibraryName) Server"/>
        <WithParam Name="Param_WXSIconElementsCollectionName" Value="WXSIconElements"/>
        <WithParam Name="Param_EndUserFileGroupCollectionName" Value="System::FileGroups::EndUser-Server"/>
        <WithParam Name="Param_TargetsToPackageCollectionName" Value="System::TargetGroups::Server"/>
        <WithParam Name="Param_SageProgramsMenuFolderWXSDirectoryId" Value="DIR_PMF_Sage"/>
      </CallAction>

      <CallAction ActionId="CreateDeployment" Path="$(BuildDir)\LibraryConfig-CommonCreateDeploymentCore.xml">
        <WithParam Name="Param_LibraryInstallFileName" Value="Sage.$(LibrarySetId).$(LibraryName)Common"/>
        <WithParam Name="Param_LibraryTestInstallerProductGuid" Value="81AD5837-333E-479C-BEA3-744725A8F5B2"/>
        <WithParam Name="Param_LibraryTestInstallerUpgradeCodeGuid" Value="E3096C82-971D-430C-B558-65AC32A53582"/>
        <WithParam Name="Param_Description" Value="Sage $(LibrarySetId) $(LibraryName) Common"/>
        <WithParam Name="Param_WXSIconElementsCollectionName" Value="WXSIconElements"/>
        <WithParam Name="Param_EndUserFileGroupCollectionName" Value="System::FileGroups::EndUser-Common"/>
        <WithParam Name="Param_TargetsToPackageCollectionName" Value="System::TargetGroups::Common"/>
        <WithParam Name="Param_SageProgramsMenuFolderWXSDirectoryId" Value="DIR_PMF_Sage"/>
      </CallAction>

      <CallAction ActionId="CreateDeployment" Path="$(BuildDir)\LibraryConfig-CommonCreateDeploymentCore.xml">
        <WithParam Name="Param_LibraryInstallFileName" Value="Sage.$(LibrarySetId).$(LibraryName)Client"/>
        <WithParam Name="Param_LibraryTestInstallerProductGuid" Value="36F123CD-F58F-46B7-BA95-B0BE482584A8"/>
        <WithParam Name="Param_LibraryTestInstallerUpgradeCodeGuid" Value="A4326F2D-387C-4722-98F1-FFBD1448BC8B"/>
        <WithParam Name="Param_Description" Value="Sage $(LibrarySetId) $(LibraryName) Client"/>
        <WithParam Name="Param_WXSIconElementsCollectionName" Value="WXSIconElements"/>
        <WithParam Name="Param_EndUserFileGroupCollectionName" Value="System::FileGroups::EndUser-Client"/>
        <WithParam Name="Param_TargetsToPackageCollectionName" Value="System::TargetGroups::Client"/>
        <WithParam Name="Param_SageProgramsMenuFolderWXSDirectoryId" Value="DIR_PMF_Sage"/>
      </CallAction>

    </Action>

    <Action Id="SandboxActivate">
      <CallAction ActionId="SandboxActivate" Path="$(System::SandboxDir)\Build\LibraryConfig-CommonSandboxActivate.xml" />
    </Action>

  </Actions>

</LibraryConfigTool>
