<?xml version="1.0" encoding="utf-8"?>
<LibraryConfigTool>
  <!--
  Library Config File

  This file is processed by the LibraryConfigTool (located in the
  %SAGE_SANDBOX%\Tools\Bin folder). It contains information specific to this
  Library.
  
  See http://orbdevtfs/Sites/Architecture/Technology/LibraryConfigTool/All%20Pages/Home.aspx
  for documentation information about the tool and its usage of XML configuration files.
  -->

  <!-- 
  Reference other shared config XML files.
  
  NOTE:  Unlike other attributes in the library config, no variables other than
         $(System::SandboxDir) may be used in this particular Path attribute.
  -->
  <Includes>
    <Include Path="$(System::SandboxDir)\Libraries\CM\LibraryConfig-LibrarySet.xml" />
    <Include Path="$(System::SandboxDir)\Build\LibraryConfig-CommonLibraryPreBuild.xml" />
    <Include Path="$(System::SandboxDir)\Build\LibraryConfig-CommonCreateBuildScript.xml" />
    <Include Path="$(System::SandboxDir)\Build\LibraryConfig-CommonCreateVersionStampFileList.xml" />
    <Include Path="$(System::SandboxDir)\Build\LibraryConfig-CommonCreateCheckInFileList.xml" />
    <Include Path="$(System::SandboxDir)\Build\LibraryConfig-CommonCreateDeployment.xml" />
    <Include Path="$(System::SandboxDir)\Build\LibraryConfig-CommonPackage.xml" />
  </Includes>

  <!-- Describes the other Libraries that this Library is dependent upon. -->
  <References>
    <Reference LibrarySetId="Sandbox" LibraryName="Tools" />
  </References>

  <!--
  Define values of variables for use in this and other shared config XML
  files.  Variables may be expressed in terms of other variables.
  -->
  <Variables>

    <Variable Name="LibraryName"      Value="NUnit" />
    <Variable Name="LibraryVersion"   Value="4.5" />

    <!-- This file will be used by the build driver to create the build script; used by LibraryConfig-CommonCreateBuildScript.xml -->
    <Variable Name="BuildScriptFile" Value="$(LibraryDir)\$(LibrarySetId)_$(LibraryName).fbp7"/>

    <!-- Needed by LibraryConfig-CommonCreateDeployment.xml
    NOTE:  as an install best practice, these guids should ALWAYS be UPPERCASE (no lowercase characters).  This practice
    prevents any when/if these 128-bit hexadecimal integers have case-sensitive comparisons performed on them.
    -->
    <Variable Name="LibraryTestInstallerProductGuid"     Value="A6BC1620-A3EF-420E-A606-5E0009C6C8C3"/>
    <Variable Name="LibraryTestInstallerUpgradeCodeGuid" Value="BA8E24A0-AEEC-4741-8936-86D78EA0A0FD"/>

  </Variables>

  <!-- Describes the the build-time attributes of the targets in this library. -->
  <BuildInfo />

  <FileGroups>
    <!-- 
    Exclude expressions are ';'-delimited lists of file exculsion specifications.  Format can include:
      - complete filename;  (path is relative from the source directory)
      
           E.g., SomeDirectory\ExcludeMe.txt
           
      - file spec with wildcards;  (path is relative from the source directory)
      
           E.g., SomeDirectory\SomeOtherDirectory\Excl?deMe.txt
           
      - either a complete filename or a file spec prefixed with additional path information

           E.g., **\SomeOtherDirectory\Excl?deMe.txt (exclude anything like Excl?deMe.txt whose path ends in SomeOtherDirectory)
    -->

    <!-- Non-target files that should be included in packages intended for end-users -->
    <FileGroup Id="EndUser">
    </FileGroup>

    <!-- Non-target files that should be included in packages intended for Developers -->
    <FileGroup Id="Developer">
      <AddFiles SourceDir="$(DeploymentsDir)" FileSpec="$(LibraryInstallFileName).wixlib" />
      <AddFiles SourceDir="$(DeploymentsDir)" FileSpec="$(LibraryInstallFileName)_Test.msi" />
      <AddFiles SourceDir="$(LibraryDir)"  FileSpec="$(LibrarySetId)_$(LibraryName).fbp7" />
    </FileGroup>

    <!-- The UnitTest file group contains additional file necessary to run unit tests.  Intended to be laid down on top of an install.-->
    <FileGroup Id="UnitTest">
        <AddFiles SourceDir="$(LibraryDir)\Assemblies" FileSpec="nunit.core.dll" />
        <AddFiles SourceDir="$(LibraryDir)\Assemblies" FileSpec="nunit.core.interfaces.dll" />
        <AddFiles SourceDir="$(LibraryDir)\Assemblies" FileSpec="nunit.framework.dll" />
        <AddFiles SourceDir="$(LibraryDir)\Assemblies" FileSpec="NUnitForms.dll" />
    </FileGroup>
  
    <!-- These files will be version stamped by the build driver during production builds; used by LibraryConfig-CommonCreateVersionStampFileList.xml -->
    <FileGroup Id="VersionStampFiles">
    </FileGroup>

    <!-- These files will be checked-in by the build driver during production builds; used by LibraryConfig-CommonCreateCheckInFileList.xml -->
    <FileGroup Id="CheckInFiles">
      <AddFiles SourceDir="$(LibraryDir)" FileSpec="LibraryConfig-WXSComponentGuids-*.xml" Recursive="false" FailIfMissing="false" />
    </FileGroup>
  </FileGroups>

  <Actions>
    <Action Id="SandboxActivate">
      <CallAction ActionId="SandboxActivate" Path="$(System::SandboxDir)\Build\LibraryConfig-CommonSandboxActivate.xml" />

      <!-- Copy dll's to runtime files folder -->
      <CopyFiles SourceFileSpec="$(LibraryDir)\Assemblies\*.*" DestinationDir="$(LibraryRuntimeFilesDir)" />

      <InstallAssemblyToGac Path="$(LibraryDir)\Assemblies\nunit.core.dll" />
      <InstallAssemblyToGac Path="$(LibraryDir)\Assemblies\nunit.core.interfaces.dll" />
      <InstallAssemblyToGac Path="$(LibraryDir)\Assemblies\nunit.framework.dll" />
    </Action>
  </Actions>

</LibraryConfigTool>
