<?xml version="1.0" encoding="utf-8"?>
<LibraryConfigTool>
  <!--
  Library Set Config File

  This file is processed by the LibraryConfigTool (located in the
  %SAGE_SANDBOX%\Tools\Bin folder). It contains information common to all Libraries
  in this Library Set.
  
  See http://orbdevtfs/Sites/Architecture/Technology/LibraryConfigTool/All%20Pages/Home.aspx
  for documentation information about the tool and its usage of XML configuration files.
  -->

  <!-- 
  Reference other shared config XML files.
  
  NOTE:  Unlike other attributes in the library config, no variables other than
         $(System::SandboxDir) may be used in this particular Path attribute.
  -->
  <Includes>
    <Include Path="$(System::SandboxDir)\LibraryConfig-Sandbox.xml" />
    <Include Path="$(System::SandboxDir)\Build\LibraryConfig-CommonPreBuild.xml" />
    <Include Path="$(System::SandboxDir)\Build\LibraryConfig-CommonPostBuild.xml" />
  </Includes>

  <!--
  Define values of variables for use in this and other shared config XML
  files.  Variables may be expressed in terms of other variables.
  -->
  <Variables>

    <Variable Name="LibrarySetId"                       Value="CM" />
    <Variable Name="LibrarySetUserFacingName"           Value="SageCM" />

    <Variable Name="LibraryRuntimeFilesDir"               Value="$(LibrarySetRuntimeFilesDir)\$(LibraryName)" />
    <Variable Name="LibraryAllUsersApplicationDataDir"    Value="$(LibrarySetAllUsersApplicationDataDir)\$(LibraryName)" />

    <Variable Name="LibraryInstallFileName"             Value="Sage.$(LibrarySetId).$(LibraryName)" />

    <Variable Name="CopyPDB"                            Value="true" />
    <Variable Name="CopyXmlDocFile"                     Value="true" />
    <Variable Name="CopyToLibraryRuntimeFilesDir"       Value="true" />
    <Variable Name="CopyToToolsBinOriginDir"            Value="false" />
    <Variable Name="UseConfigurationNameDir"            Value="true" />
    <Variable Name="RegAsm"                             Value="false" />
    <Variable Name="TlbExp"                             Value="false" />
    <Variable Name="GacUtil"                            Value="false" />
    <Variable Name="InstallUtil"                        Value="false" />
    <Variable Name="TlbImp"                             Value="false" />
    <Variable Name="RegTLib"                            Value="false" />
    <Variable Name="RegSvr32"                           Value="false" />
    <Variable Name="RegServerExe"                       Value="false" />
    <Variable Name="EmbedManifest"                      Value="true" />
    <Variable Name="EmbedAdminManifest"                 Value="false" />
    <Variable Name="DigitallySign"                      Value="true" />
    <Variable Name="GenerateXmlSerializationAssembly"   Value="false" />
    <Variable Name="Installed"                          Value="false" />
    <Variable Name="TargetFileExtension"                Value=".dll" />
    <Variable Name="InstallShortcut"                    Value="false"/>
    <Variable Name="InstallDesktopShortcut"             Value="false"/>
    <Variable Name="Built"                              Value="true"/>
    <Variable Name="IncludeInUnitTestPackage"           Value="false"/>
    <Variable Name="PreventClassMembers"                Value="false"/>
    <Variable Name="WXS_INSTALLDIRPath"                 Value="INSTALLDIR"/>

    <!-- Satellite subfolders to process -->
    <CollectionVariable Name="SatelliteAssemblyFolders">
      <Element Value="en-US" />
    </CollectionVariable>

    <!-- 
    TargetSettingServiceIDs
    Defines the service identifiers of the variables which are used for controlling services.
    
    Requires that there also exists a string variable called ServiceName-$(ServiceID)
    for each service ID which indicates the actual service name of the implied service
    which should can be controlled.

    Requires that there also exists a boolean variable called StartDuringPreBuild-$(ServiceID)
    for each service ID which indicates whether or not the implied service should be started. 
    Targets should declare StartDuringPreBuild-$(ServiceID) with Value="true" for each service
    that needs to be started during that particular target's pre-build event.

    Requires that there also exists a boolean variable called StopDuringPostBuild-$(ServiceID)
    for each service ID which indicates whether or not the implied service should be stopped. 
    Targets should declare StopDuringPostBuild-$(ServiceID) with Value="true" for each service
    that needs to be stopped during that particular target's post-build event.
    -->
    <CollectionVariable Name="TargetSettingServiceIDs">
    </CollectionVariable>

  </Variables>

  <!-- Describes the other Libraries that this Library is dependent upon. -->
  <LibraryReferences />

  <!-- Describes the the build-time attributes of the targets in this library. -->
  <BuildInfo />

</LibraryConfigTool>