﻿<?xml version="1.0" encoding="utf-8" ?>
<configuration>

  <appSettings>
    <!--
    Format of the <service>_FullyQualifiedTypeName is "<Fully-qualified service typename>,<assembly identity>"
    
    Where <assembly identity> can be:
    1) a current directory dll (e.g., "SomeService.dll")
    2) a PathRegistrar-compatible dll path (e.g., "specialpath://librarymanager.sharedlibrarieslocation/SomeService.dll")
    3) a GAC assembly identity (e.g., "SomeService,Version=1.0.0.0,Culture=neutral,PublicKeyToken=3e78b2cabf12f868")
    -->

    <!-- MonitorService -->
    <add key="MonitorService_FullyQualifiedTypeName" value="Sage.CRE.HostingFramework.ServiceLibrary.MonitorService,Sage.CRE.HostingFramework.ServiceLibrary.dll" />
    <add key="MonitorService_Description" value="Provides monitoring capabilities of the Sage Hosting Framework" />
  </appSettings>

  <system.serviceModel>
    <services>
      <service name="MonitorService" behaviorConfiguration="ServiceBehavior">
        <endpoint address="MonitorService"
                  binding="netTcpBinding"
                  bindingConfiguration="ReliableTCP"
                  contract="Sage.CRE.HostingFramework.Interfaces.IMonitorService" />
      </service>
    </services>

    <behaviors>
      <serviceBehaviors>
        <behavior name="ServiceBehavior">
          <serviceThrottling maxConcurrentSessions="10000" />
        </behavior>
      </serviceBehaviors>
    </behaviors>

    <bindings>
      <netTcpBinding>
        <binding name="ReliableTCP" maxConnections="100" listenBacklog="1000">
          <reliableSession enabled="true" />
          <security mode="Transport">
            <transport clientCredentialType="Windows" protectionLevel="EncryptAndSign" />
          </security>
        </binding>
      </netTcpBinding>
    </bindings>
  </system.serviceModel>

</configuration>
