﻿<?xml version="1.0" encoding="utf-8" ?>
<configuration>

  <appSettings>
    <!--
    The CatalogService is what is used to locate all other services.  Therefore, it
    should be assigned the very first port number (so that its address is always well known).
    No other service should have a PortAssignmentPriority of value 0, because that could
    make the CatalogService have a unreliable address.
    
    The default PortAssignmentPriority is '99999'.  Normally, services should not specify
    a PortAssignmentPriority, instead they should simply allow the HostingFramework to
    assign the ports as it wants to.
    -->
    <add key="PortAssignmentPriority" value="0"/>

    <!--
    Format of the <service>_FullyQualifiedTypeName is "<Fully-qualified service typename>,<assembly identity>"
    
    Where <assembly identity> can be:
    1) a current directory dll (e.g., "SomeService.dll")
    2) a PathRegistrar-compatible dll path (e.g., "specialpath://librarymanager.sharedlibrarieslocation/SomeService.dll")
    3) a GAC assembly identity (e.g., "SomeService,Version=1.0.0.0,Culture=neutral,PublicKeyToken=3e78b2cabf12f868")
    -->

    <!-- CatalogService -->
    <add key="CatalogService_FullyQualifiedTypeName" value="Sage.CRE.HostingFramework.ServiceLibrary.CatalogService,Sage.CRE.HostingFramework.ServiceLibrary.dll" />
    <add key="CatalogService_Description" value="Provides capability to query the services runnning in the Sage Hosting Framework" />
  </appSettings>

  <system.serviceModel>
    <services>
      <service name="CatalogService" behaviorConfiguration="ServiceBehavior">
        <endpoint address="CatalogService"
                  binding="netTcpBinding"
                  bindingConfiguration="ReliableTCP"
                  contract="Sage.CRE.HostingFramework.Interfaces.ICatalogService" />
      </service>
    </services>

    <behaviors>
      <serviceBehaviors>
        <behavior name="ServiceBehavior">
          <serviceThrottling maxConcurrentSessions="10000"  />
        </behavior>
      </serviceBehaviors>
    </behaviors>

    <bindings>
      <netTcpBinding>
        <binding name="ReliableTCP" maxConnections="100" listenBacklog="1000">
          <reliableSession enabled="true" />
          <security mode="Transport">
            <transport clientCredentialType="Windows" protectionLevel="EncryptAndSign" />
          </security>
        </binding>
      </netTcpBinding>
    </bindings>
  </system.serviceModel>

</configuration>
