﻿<?xml version="1.0" encoding="utf-8"?>
<LibraryConfigTool>
  <Components>
    <Component Id="COM_Sage.CRE.Microsoft.NetFwInterop.dll_GAC_3.2.0.0" Guid="23D8CF24-ACE8-4B32-B26C-494DBB39928C" Path="TARGETDIR\Sage.CRE.Microsoft.NetFwInterop.dll" />
    <Component Id="COM_Sage.CRE.Microsoft.FirewallAPIInterop.dll_GAC_3.2.0.0" Guid="841F14B1-37F8-4104-BA99-571619815AFD" Path="TARGETDIR\Sage.CRE.Microsoft.FirewallAPIInterop.dll" />
    <Component Id="COM_Sage.CRE.Microsoft.NetFwInterop.dll_GAC_4.1.0.0" Guid="9E0B20A8-8B01-4ECB-B2B1-A60DAAF19C5C" Path="TARGETDIR\Sage.CRE.Microsoft.NetFwInterop.dll" />
    <Component Id="COM_Sage.CRE.Microsoft.FirewallAPIInterop.dll_GAC_4.1.0.0" Guid="FCEE7E61-B4B1-4F74-BF79-ECD81EFA1640" Path="TARGETDIR\Sage.CRE.Microsoft.FirewallAPIInterop.dll" />
    <Component Id="COM_Sage.CRE.Microsoft.NetFwInterop.dll_GAC_4.5.0.0" Guid="FC0D0AC6-A261-4229-B4D8-F0DE154BB08F" Path="TARGETDIR\Sage.CRE.Microsoft.NetFwInterop.dll" />
    <Component Id="COM_Sage.CRE.Microsoft.FirewallAPIInterop.dll_GAC_4.5.0.0" Guid="466AFD8F-2FEE-4F45-B0A9-B9BBB26537B1" Path="TARGETDIR\Sage.CRE.Microsoft.FirewallAPIInterop.dll" />
  </Components>
  <Files />
  <Directories>
  </Directories>
</LibraryConfigTool>