<?xml version="1.0"?>
<doc>
    <assembly>
        <name>Sage.CRE.HostingFramework.ServiceLibrary</name>
    </assembly>
    <members>
        <member name="T:Sage.Sandbox.Tools.LinkedSource.FolderRedirectSchemaException">
            <summary>
            Exception thrown when a schema error is found with a folder redirect file
            </summary>
        </member>
        <member name="M:Sage.Sandbox.Tools.LinkedSource.FolderRedirectSchemaException.#ctor(System.String,System.Exception)">
            <summary>
            Construct an instance of the FolderRedirectSchemaException class
            </summary>
            <param name="errorMessage">ErrorMessage</param>
            <param name="innerException">An inner exception</param>
        </member>
        <member name="M:Sage.Sandbox.Tools.LinkedSource.FolderRedirectSchemaException.#ctor(System.Runtime.Serialization.SerializationInfo,System.Runtime.Serialization.StreamingContext)">
            <summary>
            Serialization Constructor
            </summary>
            <param name="si">Serialization Info</param>
            <param name="sc">Streaming Context</param>
        </member>
        <member name="T:Sage.Sandbox.Tools.LinkedSource.FolderManager">
            <summary>
            </summary>
        </member>
        <member name="M:Sage.Sandbox.Tools.LinkedSource.FolderManager.GetRedirectLocation(System.String)">
            <summary>
            Retrieve a location specified by a redirect file
            </summary>
            <param name="redirectTypeExpression">An XPath expression used to locate the redirect information for a specific type of file</param>
            <returns>The location specified by a redirect file</returns>
            <remarks>The redirect file is a simple XML file that contains alternate locations for various default locations</remarks>
        </member>
        <member name="M:Sage.Sandbox.Tools.LinkedSource.FolderManager.GetRedirectFile">
            <summary>
            Returns the name and path of the redirect file if it exists 
            or null if it does not exists.
            </summary>
        </member>
        <member name="M:Sage.Sandbox.Tools.LinkedSource.FolderManager.ConditionalTrace(System.String,System.Object[])">
            <summary>
            Writes a message to the trace listeners if the "Sage.Sandbox.Tools.LinkedSource.FolderManager"
            trace switch is enabled.
            </summary>
            <remarks>
            To enable the switch, place the following in the application's exe.config:
            <example>
                <system.diagnostics>
                    <switches>
                        <add name="Sage.Sandbox.Tools.LinkedSource.FolderManager" value="1" />
                    </switches> 
                </system.diagnostics>
            </example>
            </remarks>
            <param name="format">A String containing zero or more format items.</param>
            <param name="args">An Object array containing zero or more objects to format.</param>
        </member>
        <member name="P:Sage.Sandbox.Tools.LinkedSource.FolderManager.SageCommonProgramFilesLocation">
            <summary>
            Returns the location where the shared Sage libraries are installed
            </summary>
            <remarks>Although shared libraries are typically expected to be 
            located at "Program Files\Common Files\Sage", an alternate location 
            can be specified via the 'Location' attribute on the 'SharedLibraries' 
            element in a FolderRedirect.xml file at: 
            C:\Documents and Settings\All Users\Application Data\Sage</remarks>
        </member>
        <member name="P:Sage.Sandbox.Tools.LinkedSource.FolderManager.CommonProgramFilesLocation">
            <summary>
            Returns the location where the shared libraries are installed
            </summary>
            <remarks>Although shared libraries are typically expected to be 
            located at "Program Files\Common Files", an alternate location 
            can be specified via the 'Location' attribute on the 'SharedLibraries' 
            element in a FolderRedirect.xml file at: 
            C:\Documents and Settings\All Users\Application Data\Sage</remarks>
        </member>
        <member name="P:Sage.Sandbox.Tools.LinkedSource.FolderManager.SharedDocumentsLocation">
            <summary>
            Return the location for shared documents on the current machine
            </summary>
            <remarks>Although this location is typically 
            "C:\Documents and Settings\All Users\Application Data\Shared Documents", 
            an alternate location can be specified via the 'Location' attribute on the 'SharedDocuments'
            element in a FolderRedirect.xml file at: 
            C:\Documents and Settings\All Users\Application Data\Sage</remarks>
        </member>
        <member name="P:Sage.Sandbox.Tools.LinkedSource.FolderManager.SageCommonApplicationDataLocation">
            <summary>
            Return the location for configuration files shared by all users on a machine
            </summary>
            <remarks>Although this location is typically 
            "C:\Documents and Settings\All Users\Application Data\Sage", 
            an alternate location can be specified via the 'Location' attribute on the 
            'SharedConfiguration' element in a FolderRedirect.xml file at: 
            C:\Documents and Settings\All Users\Application Data\Sage</remarks>
        </member>
        <member name="P:Sage.Sandbox.Tools.LinkedSource.FolderManager.SageApplicationDataLocation">
            <summary>
            Base location for configuration files for a specific user on a machine
            </summary>
            <remarks>Although this location is typically 
            "C:\Documents and Settings\[User Name]\Application Data\Sage", 
            an alternate location can be specified via the 'Location' attribute on 
            the 'UserConfigurationBase' element in a FolderRedirect.xml file at: 
            C:\Documents and Settings\All Users\Application Data\Sage</remarks>
        </member>
        <member name="P:Sage.Sandbox.Tools.LinkedSource.FolderManager.MyDocumentsLocation">
            <summary>
            Return the location for My Documents for a specific user on a machine
            </summary>
            <remarks>Although this location is typically 
            "C:\Documents and Settings\[User Name]\My Documents", 
            an alternate location can be specified via the 'Location' attribute on the 
            'UserConfigurationBase' element in a FolderRedirect.xml file at: 
            C:\Documents and Settings\All Users\Application Data\Sage</remarks>
        </member>
        <member name="T:Sage.CRE.LinkedSource.CryptoAlgorithm">
            <summary>
            The supported symmetric algorithms used by the Cryptography class.
            </summary>
        </member>
        <member name="F:Sage.CRE.LinkedSource.CryptoAlgorithm.None">
            <summary>
            There is no crypto algorithm
            </summary>
            <remarks>
            This is default value the runtime automatically initializes any CryptoAlgorithm instance to
            </remarks>
        </member>
        <member name="F:Sage.CRE.LinkedSource.CryptoAlgorithm.DES">
            <summary>
            DES encryption. [Defaults: IV=8, Key=8]
            </summary>
        </member>
        <member name="F:Sage.CRE.LinkedSource.CryptoAlgorithm.RC2">
            <summary>
            RC2 encryption. [Defaults: IV=8, Key=16]
            </summary>
        </member>
        <member name="F:Sage.CRE.LinkedSource.CryptoAlgorithm.Rijndael">
            <summary>
            Rijndael encryption. [Defaults: IV=16, Key=32]
            </summary>
        </member>
        <member name="F:Sage.CRE.LinkedSource.CryptoAlgorithm.TripleDES">
            <summary>
            Triple-DES encryption. [Defaults: IV=8, Key=24]
            </summary>
        </member>
        <member name="T:Sage.CRE.LinkedSource.CryptoAlgorithmName">
            <summary>
            
            </summary>
        </member>
        <member name="T:Sage.CRE.LinkedSource.Cryptography">
            <summary>
            Class used to provide cryptography services.
            </summary>
        </member>
        <member name="M:Sage.CRE.LinkedSource.Cryptography.EncryptStream(System.IO.Stream,System.Byte[],System.Byte[])">
            <summary>
            Encrypt a stream; use the specified initialization vector
            </summary>
            <param name="unEncryptedStream">The stream to encrypt</param>
            <param name="key">The secret key for the symmetric algorithm</param>
            <param name="iv">The initialization vector for the symmetric algorithm</param>
            <returns>An encrypted stream</returns>
        </member>
        <member name="M:Sage.CRE.LinkedSource.Cryptography.EncryptStream(System.IO.Stream,System.Byte[],System.Byte[]@)">
            <summary>
            Encrypt a stream; generate the initialization vector and return it
            </summary>
            <param name="unEncryptedStream">The stream to encrypt</param>
            <param name="key">The secret key for the symmetric algorithm</param>
            <param name="iv">The reference to the generated initialization vector for the symmetric algorithm used by this call</param>
            <returns>An encrypted stream</returns>
        </member>
        <member name="M:Sage.CRE.LinkedSource.Cryptography.EncryptString(System.String,System.Byte[],System.Byte[])">
            <summary>
            Encrypt a string; use the specified initialization vector
            </summary>
            <param name="unEncryptedString">The string to encrypt</param>
            <param name="key">The secret key for the symmetric algorithm</param>
            <param name="iv">The initialization vector for the symmetric algorithm</param>
            <returns>An encrypted string</returns>
        </member>
        <member name="M:Sage.CRE.LinkedSource.Cryptography.EncryptString(System.String,System.Byte[],System.Byte[]@)">
            <summary>
            Encrypt a string; generate the initialization vector and return it
            </summary>
            <param name="unEncryptedString">The string to encrypt</param>
            <param name="key">The secret key for the symmetric algorithm</param>
            <param name="iv">The reference to the generated initialization vector for the symmetric algorithm used by this call</param>
            <returns>An encrypted string</returns>
        </member>
        <member name="M:Sage.CRE.LinkedSource.Cryptography.EncryptStringToBytes(System.String,System.Byte[],System.Byte[])">
            <summary>
            Encrypt a string; use the specified initialization vector
            </summary>
            <param name="unEncryptedString">The string to encrypt</param>
            <param name="key">The secret key for the symmetric algorithm</param>
            <param name="iv">The initialization vector for the symmetric algorithm</param>
            <returns>A byte array representation of the encrypted string</returns>
        </member>
        <member name="M:Sage.CRE.LinkedSource.Cryptography.EncryptStringToBytes(System.String,System.Byte[],System.Byte[]@)">
            <summary>
            Encrypt a string; generate the initialization vector and return it
            </summary>
            <param name="unEncryptedString">The string to encrypt</param>
            <param name="key">The secret key for the symmetric algorithm</param>
            <param name="iv">The reference to the generated initialization vector for the symmetric algorithm used by this call</param>
            <returns>A byte array representation of the encrypted string</returns>
        </member>
        <member name="M:Sage.CRE.LinkedSource.Cryptography.EncryptBytes(System.Byte[],System.Byte[],System.Byte[])">
            <summary>
            Encrypt a set of bytes; use the specified initialization vector
            </summary>
            <param name="unEncryptedBytes">The bytes to encrypt</param>
            <param name="key">The secret key for the symmetric algorithm</param>
            <param name="iv">The initialization vector for the symmetric algorithm</param>
            <returns>An encrypted set of bytes</returns>
        </member>
        <member name="M:Sage.CRE.LinkedSource.Cryptography.EncryptBytes(System.Byte[],System.Byte[],System.Byte[]@)">
            <summary>
            Encrypt a set of bytes; generate the initialization vector and return it
            </summary>
            <param name="unEncryptedBytes">The bytes to encrypt</param>
            <param name="key">The secret key for the symmetric algorithm</param>
            <param name="iv">The reference to the generated initialization vector for the symmetric algorithm used by this call</param>
            <returns>An encrypted set of bytes</returns>
        </member>
        <member name="M:Sage.CRE.LinkedSource.Cryptography.DecryptStream(System.IO.Stream,System.Byte[],System.Byte[])">
            <summary>
            Decrypt a stream
            </summary>
            <param name="encryptedStream">The stream to decrypt</param>
            <param name="key">The secret key for the symmetric algorithm</param>
            <param name="iv">The initialization vector for the symmetric algorithm</param>
            <returns>A decrypted stream</returns>
        </member>
        <member name="M:Sage.CRE.LinkedSource.Cryptography.DecryptString(System.String,System.Byte[],System.Byte[])">
            <summary>
            Decrypt a string
            </summary>
            <param name="encryptedString">The string to decrypt</param>
            <param name="key">The secret key for the symmetric algorithm</param>
            <param name="iv">The initialization vector for the symmetric algorithm</param>
            <returns>The decrypted string</returns>
        </member>
        <member name="M:Sage.CRE.LinkedSource.Cryptography.DecryptBytesToString(System.Byte[],System.Byte[],System.Byte[])">
            <summary>
            Decrypt a set of bytes
            </summary>
            <param name="encryptedBytes">The bytes to decrypt</param>
            <param name="key">The secret key for the symmetric algorithm</param>
            <param name="iv">The initialization vector for the symmetric algorithm</param>
            <returns>A string representation of the decrypted bytes</returns>
        </member>
        <member name="M:Sage.CRE.LinkedSource.Cryptography.DecryptBytes(System.Byte[],System.Byte[],System.Byte[])">
            <summary>
            Decrypt a set of bytes
            </summary>
            <param name="encryptedBytes">The bytes to decrypt</param>
            <param name="key">The secret key for the symmetric algorithm</param>
            <param name="iv">The initialization vector for the symmetric algorithm</param>
            <returns>A decrypted set of bytes</returns>
        </member>
        <member name="M:Sage.CRE.LinkedSource.Cryptography.GetKey(Sage.CRE.LinkedSource.CryptoAlgorithm)">
            <summary>
            Get a Key for the corresponding CryptoAlgorithm.
            </summary>
            <returns>Returns the key byte array.</returns>
        </member>
        <member name="M:Sage.CRE.LinkedSource.Cryptography.GetIV(Sage.CRE.LinkedSource.CryptoAlgorithm)">
            <summary>
            Get an IV for the corresponding CryptoAlgorithm.
            </summary>
            <returns>Returns the IV byte array.</returns>
        </member>
        <member name="M:Sage.CRE.LinkedSource.Cryptography.GetKeyLength(Sage.CRE.LinkedSource.CryptoAlgorithm)">
            <summary>
            Get the secret key block size, in bytes, for the corresponding CryptoAlgorithm.
            </summary>
        </member>
        <member name="M:Sage.CRE.LinkedSource.Cryptography.GetIVLength(Sage.CRE.LinkedSource.CryptoAlgorithm)">
            <summary>
            Get the mandatory IV length, in bytes, for the corresponding CryptoAlgorithm.
            </summary>
        </member>
        <member name="M:Sage.CRE.LinkedSource.Cryptography.EncryptStream(System.IO.Stream,Sage.CRE.LinkedSource.CryptoAlgorithm,System.Byte[],System.Byte[])">
            <summary>
            Encrypt a stream; use the specified initialization vector
            </summary>
            <param name="unEncryptedStream">The stream to encrypt</param>
            <param name="cryptoAlgorithm">The symmetric cryptography algorithm to use</param>
            <param name="key">The secret key for the symmetric algorithm</param>
            <param name="iv">The initialization vector for the symmetric algorithm</param>
            <returns>An encrypted stream</returns>
        </member>
        <member name="M:Sage.CRE.LinkedSource.Cryptography.EncryptStream(System.IO.Stream,Sage.CRE.LinkedSource.CryptoAlgorithm,System.Byte[],System.Byte[]@)">
            <summary>
            Encrypt a stream; generate the initialization vector and return it
            </summary>
            <param name="unEncryptedStream">The stream to encrypt</param>
            <param name="cryptoAlgorithm">The symmetric cryptography algorithm to use</param>
            <param name="key">The secret key for the symmetric algorithm</param>
            <param name="iv">The reference to the generated initialization vector for the symmetric algorithm used by this call</param>
            <returns>An encrypted stream</returns>
        </member>
        <member name="M:Sage.CRE.LinkedSource.Cryptography.EncryptString(System.String,Sage.CRE.LinkedSource.CryptoAlgorithm,System.Byte[],System.Byte[])">
            <summary>
            Encrypt a string; use the specified initialization vector
            </summary>
            <param name="unEncryptedString">The string to encrypt</param>
            <param name="cryptoAlgorithm">The symmetric cryptography algorithm to use</param>
            <param name="key">The secret key for the symmetric algorithm</param>
            <param name="iv">The initialization vector for the symmetric algorithm</param>
            <returns>An encrypted string</returns>
        </member>
        <member name="M:Sage.CRE.LinkedSource.Cryptography.EncryptString(System.String,Sage.CRE.LinkedSource.CryptoAlgorithm,System.Byte[],System.Byte[]@)">
            <summary>
            Encrypt a string; generate the initialization vector and return it
            </summary>
            <param name="unEncryptedString">The string to encrypt</param>
            <param name="cryptoAlgorithm">The symmetric cryptography algorithm to use</param>
            <param name="key">The secret key for the symmetric algorithm</param>
            <param name="iv">The reference to the generated initialization vector for the symmetric algorithm used by this call</param>
            <returns>An encrypted string</returns>
        </member>
        <member name="M:Sage.CRE.LinkedSource.Cryptography.EncryptStringToBytes(System.String,Sage.CRE.LinkedSource.CryptoAlgorithm,System.Byte[],System.Byte[])">
            <summary>
            Encrypt a string; use the specified initialization vector
            </summary>
            <param name="unEncryptedString">The string to encrypt</param>
            <param name="cryptoAlgorithm">The symmetric cryptography algorithm to use</param>
            <param name="key">The secret key for the symmetric algorithm</param>
            <param name="iv">The initialization vector for the symmetric algorithm</param>
            <returns>A byte array representation of the encrypted string</returns>
        </member>
        <member name="M:Sage.CRE.LinkedSource.Cryptography.EncryptStringToBytes(System.String,Sage.CRE.LinkedSource.CryptoAlgorithm,System.Byte[],System.Byte[]@)">
            <summary>
            Encrypt a string; generate the initialization vector and return it
            </summary>
            <param name="unEncryptedString">The string to encrypt</param>
            <param name="cryptoAlgorithm">The symmetric cryptography algorithm to use</param>
            <param name="key">The secret key for the symmetric algorithm</param>
            <param name="iv">The reference to the generated initialization vector for the symmetric algorithm used by this call</param>
            <returns>A byte array representation of the encrypted string</returns>
        </member>
        <member name="M:Sage.CRE.LinkedSource.Cryptography.EncryptBytes(System.Byte[],Sage.CRE.LinkedSource.CryptoAlgorithm,System.Byte[],System.Byte[])">
            <summary>
            Encrypt a set of bytes; use the specified initialization vector
            </summary>
            <param name="unEncryptedBytes">The bytes to encrypt</param>
            <param name="cryptoAlgorithm">The symmetric cryptography algorithm to use</param>
            <param name="key">The secret key for the symmetric algorithm</param>
            <param name="iv">The initialization vector for the symmetric algorithm</param>
            <returns>An encrypted set of bytes</returns>
        </member>
        <member name="M:Sage.CRE.LinkedSource.Cryptography.EncryptBytes(System.Byte[],Sage.CRE.LinkedSource.CryptoAlgorithm,System.Byte[],System.Byte[]@)">
            <summary>
            Encrypt a set of bytes; generate the initialization vector and return it
            </summary>
            <param name="unEncryptedBytes">The bytes to encrypt</param>
            <param name="cryptoAlgorithm">The symmetric cryptography algorithm to use</param>
            <param name="key">The secret key for the symmetric algorithm</param>
            <param name="iv">The reference to the generated initialization vector for the symmetric algorithm used by this call</param>
            <returns>An encrypted set of bytes</returns>
        </member>
        <member name="M:Sage.CRE.LinkedSource.Cryptography.DecryptStream(System.IO.Stream,Sage.CRE.LinkedSource.CryptoAlgorithm,System.Byte[],System.Byte[])">
            <summary>
            Decrypt a stream
            </summary>
            <param name="encryptedStream">The stream to decrypt</param>
            <param name="cryptoAlgorithm">The symmetric cryptography algorithm to use</param>
            <param name="key">The secret key for the symmetric algorithm</param>
            <param name="iv">The initialization vector for the symmetric algorithm</param>
            <returns>A decrypted stream</returns>
        </member>
        <member name="M:Sage.CRE.LinkedSource.Cryptography.DecryptString(System.String,Sage.CRE.LinkedSource.CryptoAlgorithm,System.Byte[],System.Byte[])">
            <summary>
            Decrypt a string
            </summary>
            <param name="encryptedString">The string to decrypt</param>
            <param name="cryptoAlgorithm">The symmetric cryptography algorithm to use</param>
            <param name="key">The secret key for the symmetric algorithm</param>
            <param name="iv">The initialization vector for the symmetric algorithm</param>
            <returns>The decrypted string</returns>
        </member>
        <member name="M:Sage.CRE.LinkedSource.Cryptography.DecryptBytesToString(System.Byte[],Sage.CRE.LinkedSource.CryptoAlgorithm,System.Byte[],System.Byte[])">
            <summary>
            Decrypt a set of bytes
            </summary>
            <param name="encryptedBytes">The bytes to decrypt</param>
            <param name="cryptoAlgorithm">The symmetric cryptography algorithm to use</param>
            <param name="key">The secret key for the symmetric algorithm</param>
            <param name="iv">The initialization vector for the symmetric algorithm</param>
            <returns>A string representation of the decrypted bytes</returns>
        </member>
        <member name="M:Sage.CRE.LinkedSource.Cryptography.DecryptBytes(System.Byte[],Sage.CRE.LinkedSource.CryptoAlgorithm,System.Byte[],System.Byte[])">
            <summary>
            Decrypt a set of bytes
            </summary>
            <param name="encryptedBytes">The bytes to decrypt</param>
            <param name="cryptoAlgorithm">The symmetric cryptography algorithm to use</param>
            <param name="key">The secret key for the symmetric algorithm</param>
            <param name="iv">The initialization vector for the symmetric algorithm</param>
            <returns>A decrypted set of bytes</returns>
        </member>
        <member name="M:Sage.CRE.LinkedSource.Cryptography.GetCryptoAlgorithmName(Sage.CRE.LinkedSource.CryptoAlgorithm)">
            <summary>
            Returns the corresponding algorithm name for the specified CryptoAlgorithm.
            </summary>
            <param name="cryptoAlgorithm">The algorithm to return the name for</param>
            <returns>The name of crypto algorithm</returns>
        </member>
        <member name="M:Sage.CRE.LinkedSource.Cryptography.GetCryptoAlgorithm(System.String)">
            <summary>
            Returns the corresponding CryptoAlgorithm for the specified algorithm name.
            </summary>
            <param name="cryptoAlgorithmName">The algorithm to return the name for</param>
            <returns>The name of crypto algorithm</returns>
        </member>
        <member name="M:Sage.CRE.LinkedSource.Cryptography.GetStringFromBytes(System.Byte[])">
            <summary>
            Convert an array of bytes into a ASCII string
            </summary>
            <param name="inputBytes">The bytes to convert</param>
            <returns>A string that represents the input bytes</returns>
        </member>
        <member name="M:Sage.CRE.LinkedSource.Cryptography.GetBytesFromString(System.String)">
            <summary>
            Convert a string into an array of bytes
            </summary>
            <param name="inputString">The string to convert</param>
            <returns>An array of bytes that represents the input string</returns>
        </member>
        <member name="M:Sage.CRE.LinkedSource.Cryptography.GetBytesFromBase64String(System.String)">
            <summary>
            Convert the supplied base-64 string into an equivalent 8-bit unsigned integer array 
            </summary>
            <param name="inputString">A string representation, encoded in base-64 digits.</param>
            <returns>An array of 8-bit unsigned integers equivalent to inputString.</returns>
        </member>
        <member name="M:Sage.CRE.LinkedSource.Cryptography.GetBase64StringFromBytes(System.Byte[])">
            <summary>
            Converts the supplied 8-bit unsigned integer array to an equivalent string representation encoded with base-64 digits.
            </summary>
            <param name="inputBytes">An array of 8-bit unsigned integers.</param>
            <returns>The String representation, in base 64, of the contents of inputBytes.</returns>
        </member>
        <member name="M:Sage.CRE.LinkedSource.Cryptography.TransformStream(System.IO.Stream,System.Security.Cryptography.ICryptoTransform)">
            <summary>
            Encrypts/decrypts the specified stream using the specfied ICryptoTransform
            </summary>
            <param name="stream"></param>
            <param name="cryptoTransform"></param>
            <returns></returns>
        </member>
        <member name="P:Sage.CRE.LinkedSource.Cryptography.Key">
            <summary>
            Get a Key for the corresponding CryptoAlgorithm.
            </summary>
            <returns>Returns the key byte array.</returns>
        </member>
        <member name="P:Sage.CRE.LinkedSource.Cryptography.IV">
            <summary>
            Get an IV for the corresponding CryptoAlgorithm.
            </summary>
            <returns>Returns the IV byte array.</returns>
        </member>
        <member name="P:Sage.CRE.LinkedSource.Cryptography.KeyLength">
            <summary>
            Get the secret key block size, in bytes, for the corresponding CryptoAlgorithm.
            </summary>
        </member>
        <member name="P:Sage.CRE.LinkedSource.Cryptography.IVLength">
            <summary>
            Get the mandatory IV length, in bytes, for the corresponding CryptoAlgorithm.
            </summary>
        </member>
        <member name="F:Sage.CM.HostingFramework.LinkedSource.LibraryConstants.LibrarySetId">
            <summary>
            The library set ID for the library.
            </summary>
        </member>
        <member name="F:Sage.CM.HostingFramework.LinkedSource.LibraryConstants.LibraryName">
            <summary>
            The library name for the library.
            </summary>
        </member>
        <member name="F:Sage.CM.HostingFramework.LinkedSource.LibraryConstants.LibraryVersion">
            <summary>
            The library version for the library in "major.minor" format.
            </summary>
        </member>
        <member name="M:Sage.CM.HostingFramework.LinkedSource.LibraryConstants.LibraryAssemblyFullName(System.String)">
            <summary>
            The full-name of an assembly in the Sage CM\HostingFramework library.
            </summary>
            <param name="assemblyDisplayName">The display name of the assembly</param>
            <returns>The assembly full-name as in:  &lt;Display Name&gt;,&lt;Version&gt;,&lt;Culture&gt;,&lt;PublicKey Token&gt;</returns>
        </member>
        <member name="M:Sage.CM.HostingFramework.LinkedSource.LibraryConstants.VersionSpecific.LibraryApplicationDataFolder(System.String)">
            <summary>
            The path to the version-specific Application Data folder for this library.
            
            [Runtime Files]\Documents and Settings\All Users\Application Data\Sage\&lt;LibrarySetId&gt;\&lt;Library Name&gt;\&lt;LibraryVersion&gt;
            </summary>
            <param name="sharedConfigLocation">The shared config location (typically supplied by Sage.Configuration.LibraryManager.SharedConfigLocation (Sage.LS2.Core.LibraryManager.dll)</param>
        </member>
        <member name="M:Sage.CM.HostingFramework.LinkedSource.LibraryConstants.VersionSpecific.LibraryCommonFilesFolder(System.String)">
            <summary>
            The path to the version-specific Common Files folder for this library.
            
            [Runtime Files]\Common Files\Sage\&lt;LibrarySetId&gt;\&lt;Library Name&gt;\&lt;LibraryVersion&gt;
            </summary>
            <param name="sharedLibrariesLocation">The shared libraries location (typically supplied by Sage.Configuration.LibraryManager.SharedLibrariesLocation (Sage.LS2.Core.LibraryManager.dll)</param>
        </member>
        <member name="P:Sage.CM.HostingFramework.LinkedSource.LibraryConstants.VersionSpecific.LibraryRelativePath">
            <summary>
            A version-specific relative path for this library.
            
            &lt;LibrarySetId&gt;\&lt;Library Name&gt;\&lt;LibraryVersion&gt;
            </summary>
        </member>
        <member name="P:Sage.CM.HostingFramework.LinkedSource.LibraryConstants.VersionSpecific.LibraryRegistryKeyName">
            <summary>
            The name of the version-specific registry key name for this library.
            
            SOFTWARE\Sage\&lt;LibrarySetId&gt;\&lt;Library Name&gt;\&lt;LibraryVersion&gt;
            </summary>
        </member>
        <member name="M:Sage.CM.HostingFramework.LinkedSource.LibraryConstants.VersionIndependent.LibraryApplicationDataFolder(System.String)">
            <summary>
            The path to the version-independent Application Data folder for this library.
            
            [Runtime Files]\Documents and Settings\All Users\Application Data\Sage\&lt;LibrarySetId&gt;\&lt;Library Name&gt;
            </summary>
            <param name="sharedConfigLocation">The shared config location (typically supplied by Sage.Configuration.LibraryManager.SharedConfigLocation (Sage.LS2.Core.LibraryManager.dll)</param>
        </member>
        <member name="M:Sage.CM.HostingFramework.LinkedSource.LibraryConstants.VersionIndependent.LibraryCommonFilesFolder(System.String)">
            <summary>
            The path to the version-independent Common Files folder for this library.
            
            [Runtime Files]\Common Files\Sage\&lt;LibrarySetId&gt;\&lt;Library Name&gt;
            </summary>
            <param name="sharedLibrariesLocation">The shared libraries location (typically supplied by Sage.Configuration.LibraryManager.SharedLibrariesLocation (Sage.LS2.Core.LibraryManager.dll)</param>
        </member>
        <member name="P:Sage.CM.HostingFramework.LinkedSource.LibraryConstants.VersionIndependent.LibraryRelativePath">
            <summary>
            A version-independent relative path for this library.
            
            &lt;LibrarySetId&gt;\&lt;Library Name&gt;
            </summary>
        </member>
        <member name="P:Sage.CM.HostingFramework.LinkedSource.LibraryConstants.VersionIndependent.LibraryRegistryKeyName">
            <summary>
            The name of the version-independent registry key name for this library.
            
            SOFTWARE\Sage\&lt;LibrarySetId&gt;\&lt;Library Name&gt;
            </summary>
        </member>
        <member name="M:Sage.CRE.HostingFramework.LinkedSource.ServiceConstantsFactory.GetConstants(System.String)">
            <summary>
            
            </summary>
            <param name="hostingFrameworkServiceExeFilePath"></param>
            <returns></returns>
        </member>
        <member name="T:Sage.CRE.HostingFramework.LinkedSource.ServiceConstants">
            <summary>
            Internal string constants 
            </summary>
        </member>
        <member name="P:Sage.CRE.HostingFramework.LinkedSource.ServiceConstants.Name">
            <summary>
            The service name
            </summary>
        </member>
        <member name="P:Sage.CRE.HostingFramework.LinkedSource.ServiceConstants.Version">
            <summary>
            The service version
            </summary>
        </member>
        <member name="P:Sage.CRE.HostingFramework.LinkedSource.ServiceConstants.DisplayName">
            <summary>
            The display name of the service
            </summary>
        </member>
        <member name="P:Sage.CRE.HostingFramework.LinkedSource.ServiceConstants.FileName">
            <summary>
            The file name (i.e., without the path) of the service EXE
            </summary>
        </member>
        <member name="P:Sage.CRE.HostingFramework.LinkedSource.ServiceConstants.ServiceProcessRunningMutexName">
            <summary>
            The name of the service process running mutex
            </summary>
        </member>
        <member name="P:Sage.CRE.HostingFramework.LinkedSource.ServiceConstants.ServiceReadyMutexName">
            <summary>
            The name of the service-ready mutex
            </summary>
        </member>
        <member name="P:Sage.CRE.HostingFramework.LinkedSource.ServiceConstants.ServiceStartErrorResultFilename">
            <summary>
            File name for service error file
            </summary>
        </member>
        <member name="P:Sage.CRE.HostingFramework.LinkedSource.ServiceConstants.ExeFilePath">
            <summary>
            The full path to the service EXE
            </summary>
        </member>
        <member name="P:Sage.CRE.HostingFramework.LinkedSource.ServiceConstants.Description">
            <summary>
            The description text for the service in the SCM
            </summary>
        </member>
        <member name="P:Sage.CRE.HostingFramework.LinkedSource.ServiceConstants.NotifyHostReadyTimeout">
            <summary>
            The timeout value to use (in milliseconds) when attempting to notify clients that the host is ready 
            </summary>
        </member>
        <member name="P:Sage.CRE.HostingFramework.LinkedSource.ServiceConstants.InstanceApplicationDataFolder">
            <summary>
            The path to the instance-specific Application Data folder.
            </summary>
        </member>
        <member name="P:Sage.CRE.HostingFramework.LinkedSource.ServiceConstants.InstanceConfigFilePath">
            <summary>
            The path to the instance-specific configuration file.
            </summary>
            <remarks>
            This file should NOT be installed.  It is copied at run-time (if it doesn't exist) from the default file.
            </remarks>
        </member>
        <member name="P:Sage.CRE.HostingFramework.LinkedSource.ServiceConstants.InstanceConfigDefaultsFilePath">
            <summary>
            The path to the instance-specific default configuration file.
            </summary>
            <remarks>
            This file should be installed.
            </remarks>
        </member>
        <member name="P:Sage.CRE.HostingFramework.LinkedSource.ServiceConstants.CatalogServicePortNumber">
            <summary>
            The port number of the Catalog Service, this port is the only "well-known" port.  All others must be discovered through the catalog service.
            </summary>
        </member>
        <member name="P:Sage.CRE.HostingFramework.LinkedSource.ServiceConstants.RemoveUsersPermissionToAppData">
            <summary>
            Whether the Users group should have all AppData permission revoked
            </summary>
        </member>
        <member name="P:Sage.CRE.HostingFramework.LinkedSource.ServiceConstants.BlockApplicationIncomingConnections">
            <summary>
            Whether the Windows Firewall should be configured to block all (non-local) incoming connections
            </summary>
        </member>
        <member name="P:Sage.CRE.HostingFramework.LinkedSource.ServiceConstants.ServiceAccountUser">
            <summary>
            User to install and run the service as
            Can be a stock account such as Network Service
            </summary>
        </member>
        <member name="P:Sage.CRE.HostingFramework.LinkedSource.ServiceConstants.ServiceAccountPassword">
            <summary>
            Password for the provided service account user
            Not applicable for stock accounts such as Network Service
            </summary>
        </member>
        <member name="P:Sage.CRE.HostingFramework.LinkedSource.ServiceConstants.ServiceStartType">
            <summary>
            The start type to use for the service
            </summary>
        </member>
        <member name="P:Sage.CRE.HostingFramework.LinkedSource.ServiceConstants.ServiceFirstFailureAction">
            <summary>
            The action to take on first failue of the service
            </summary>
        </member>
        <member name="P:Sage.CRE.HostingFramework.LinkedSource.ServiceConstants.ServiceSecondFailureAction">
            <summary>
            The action to take on second failure of the service
            </summary>
        </member>
        <member name="P:Sage.CRE.HostingFramework.LinkedSource.ServiceConstants.ServiceSubsequentFailureAction">
            <summary>
            The action to take on all subsequent failures of the service
            After the first and second
            </summary>
        </member>
        <member name="P:Sage.CRE.HostingFramework.LinkedSource.ServiceConstants.ServiceDelayedStart">
            <summary>
            Whether or not to delay an auto start service
            </summary>
        </member>
        <member name="T:Sage.CRE.HostingFramework.ServiceLibrary.MonitorService">
            <summary>
            
            </summary>
        </member>
        <member name="M:Sage.CRE.HostingFramework.ServiceLibrary.MonitorService.GetVersion">
            <summary>
            
            </summary>
            <returns></returns>
        </member>
        <member name="M:Sage.CRE.HostingFramework.ServiceLibrary.MonitorService.GetUpSinceDateTime">
            <summary>
            
            </summary>
            <returns></returns>
        </member>
        <member name="M:Sage.CRE.HostingFramework.ServiceLibrary.MonitorService.GetStatus">
            <summary>
            
            </summary>
            <returns></returns>
        </member>
        <member name="M:Sage.CRE.HostingFramework.ServiceLibrary.MonitorService.GetServer">
            <summary>
            
            </summary>
            <returns></returns>
        </member>
        <member name="T:Sage.CRE.HostingFramework.ServiceLibrary.CatalogService">
            <summary>
            
            </summary>
        </member>
        <member name="M:Sage.CRE.HostingFramework.ServiceLibrary.CatalogService.GetServiceInfo">
            <summary>
            
            </summary>
            <returns></returns>
        </member>
        <member name="M:Sage.CRE.HostingFramework.ServiceLibrary.CatalogService.GetServiceInfoByName(System.String)">
            <summary>
            
            </summary>
            <param name="serviceName"></param>
            <returns></returns>
        </member>
        <member name="M:Sage.CRE.HostingFramework.ServiceLibrary.CatalogService.GetServiceUri(System.String,System.String)">
            <summary>
            
            </summary>
            <param name="serviceName"></param>
            <param name="scheme"></param>
            <returns></returns>
        </member>
        <member name="M:Sage.CRE.HostingFramework.ServiceLibrary.CatalogService.GetServiceWithAddressUri(System.String,System.String,System.String)">
            <summary>
            
            </summary>
            <param name="serviceName"></param>
            <param name="address"></param>
            <param name="scheme"></param>
            <returns></returns>
        </member>
    </members>
</doc>
