<?xml version="1.0"?>
<doc>
    <assembly>
        <name>Sage.CRE.HostingFramework.TestChatService</name>
    </assembly>
    <members>
        <member name="T:Sage.CRE.HostingFramework.TestChatService.ChatService">
            <summary>
            Basic chat server which fires asynchronous events using a publish/subscribe framework
            </summary>
        </member>
        <member name="M:Sage.CRE.HostingFramework.TestChatService.ChatService.Join(System.String)">
            <summary>
            Join the chat room
            </summary>
            <param name="name">The user name to join as</param>
            <returns>List of user names of those already in the room</returns>
        </member>
        <member name="M:Sage.CRE.HostingFramework.TestChatService.ChatService.Say(System.String,System.String)">
            <summary>
            Say something to the room
            </summary>
            <param name="name">The user name of the person saying something</param>
            <param name="message"></param>
        </member>
        <member name="M:Sage.CRE.HostingFramework.TestChatService.ChatService.Leave(System.String)">
            <summary>
            Leave the chat room
            </summary>
            <param name="name">The user name of the person leaving</param>
        </member>
        <member name="T:Sage.CRE.HostingFramework.TestChatService.ChatSubscriptionService">
            <summary>
            Subscription management service using the publish/subscribe framework for registering
            for IChatCallback events (fired by ChatService)
            </summary>
        </member>
        <member name="T:Sage.CRE.HostingFramework.TestChatService.SingletonWorkerService">
            <summary>
            
            </summary>
        </member>
        <member name="M:Sage.CRE.HostingFramework.TestChatService.SingletonWorkerService.#ctor">
            <summary>
            
            </summary>
        </member>
        <member name="M:Sage.CRE.HostingFramework.TestChatService.SingletonWorkerService.DoNothing">
            <summary>
            Dummy method to prevent ContractDescription.EnsureInvariants from throwing an InvalidOperationException
            due to having no OperationContract methods
            </summary>
        </member>
        <member name="M:Sage.CRE.HostingFramework.TestChatService.SingletonWorkerService.Startup">
            <summary>
            
            </summary>
        </member>
        <member name="M:Sage.CRE.HostingFramework.TestChatService.SingletonWorkerService.Shutdown">
            <summary>
            
            </summary>
        </member>
    </members>
</doc>
