<?xml version="1.0"?>
<doc>
    <assembly>
        <name>Sage.CRE.HostingFramework.TestChatServiceInterfaces</name>
    </assembly>
    <members>
        <member name="T:Sage.CRE.HostingFramework.TestChatServiceInterfaces.IChat">
            <summary>
            Interface for defining operations of the ChatService. Clients interested in
            receiving events should register with the ChatSubscriptionService.
            </summary>
        </member>
        <member name="M:Sage.CRE.HostingFramework.TestChatServiceInterfaces.IChat.Join(System.String)">
            <summary>
            Join the chat room
            </summary>
            <param name="name">The user name to join as</param>
            <returns>List of user names of those already in the room</returns>
        </member>
        <member name="M:Sage.CRE.HostingFramework.TestChatServiceInterfaces.IChat.Say(System.String,System.String)">
            <summary>
            Say something to the room
            </summary>
            <param name="name">The user name of the person saying something</param>
            <param name="message"></param>
        </member>
        <member name="M:Sage.CRE.HostingFramework.TestChatServiceInterfaces.IChat.Leave(System.String)">
            <summary>
            Leave the chat room
            </summary>
            <param name="name">The user name of the person leaving</param>
        </member>
        <member name="T:Sage.CRE.HostingFramework.TestChatServiceInterfaces.IChatSubscriptionService">
            <summary>
            Interface for subscribing to the IChatCallback events triggered by the ChatService.
            </summary>
            <remarks>
            Although this interface defines no methods, it is needed so that the appropriate CallbackContract
            can be identified.
            </remarks>
        </member>
        <member name="T:Sage.CRE.HostingFramework.TestChatServiceInterfaces.IChatCallback">
            <summary>
            interface for defining the events that are fired by the ChatSubscriptionService.
            </summary>
        </member>
        <member name="M:Sage.CRE.HostingFramework.TestChatServiceInterfaces.IChatCallback.Receive(System.String,System.String)">
            <summary>
            Occurs when someone says something
            </summary>
            <param name="senderName">The name of the person who said it</param>
            <param name="message">What they said</param>
        </member>
        <member name="M:Sage.CRE.HostingFramework.TestChatServiceInterfaces.IChatCallback.UserEnter(System.String)">
            <summary>
            Occurs when someone joins the chat room
            </summary>
            <param name="name">The name of the person who joined</param>
        </member>
        <member name="M:Sage.CRE.HostingFramework.TestChatServiceInterfaces.IChatCallback.UserLeave(System.String)">
            <summary>
            Occurs when someone leaves the chat room
            </summary>
            <param name="name">The name of the person who left</param>
        </member>
        <member name="T:Sage.CRE.HostingFramework.TestChatServiceInterfaces.ISingletonWorkerService">
            <summary>
            
            </summary>
        </member>
        <member name="M:Sage.CRE.HostingFramework.TestChatServiceInterfaces.ISingletonWorkerService.DoNothing">
            <summary>
            Dummy method to prevent ContractDescription.EnsureInvariants from throwing an InvalidOperationException
            due to having no OperationContract methods
            </summary>
        </member>
    </members>
</doc>
