<?xml version="1.0"?>
<doc>
    <assembly>
        <name>Sage.CRE.HostingFramework.Interfaces</name>
    </assembly>
    <members>
        <member name="F:Sage.CM.HostingFramework.LinkedSource.LibraryConstants.LibrarySetId">
            <summary>
            The library set ID for the library.
            </summary>
        </member>
        <member name="F:Sage.CM.HostingFramework.LinkedSource.LibraryConstants.LibraryName">
            <summary>
            The library name for the library.
            </summary>
        </member>
        <member name="F:Sage.CM.HostingFramework.LinkedSource.LibraryConstants.LibraryVersion">
            <summary>
            The library version for the library in "major.minor" format.
            </summary>
        </member>
        <member name="M:Sage.CM.HostingFramework.LinkedSource.LibraryConstants.LibraryAssemblyFullName(System.String)">
            <summary>
            The full-name of an assembly in the Sage CM\HostingFramework library.
            </summary>
            <param name="assemblyDisplayName">The display name of the assembly</param>
            <returns>The assembly full-name as in:  &lt;Display Name&gt;,&lt;Version&gt;,&lt;Culture&gt;,&lt;PublicKey Token&gt;</returns>
        </member>
        <member name="M:Sage.CM.HostingFramework.LinkedSource.LibraryConstants.VersionSpecific.LibraryApplicationDataFolder(System.String)">
            <summary>
            The path to the version-specific Application Data folder for this library.
            
            [Runtime Files]\Documents and Settings\All Users\Application Data\Sage\&lt;LibrarySetId&gt;\&lt;Library Name&gt;\&lt;LibraryVersion&gt;
            </summary>
            <param name="sharedConfigLocation">The shared config location (typically supplied by Sage.Configuration.LibraryManager.SharedConfigLocation (Sage.LS2.Core.LibraryManager.dll)</param>
        </member>
        <member name="M:Sage.CM.HostingFramework.LinkedSource.LibraryConstants.VersionSpecific.LibraryCommonFilesFolder(System.String)">
            <summary>
            The path to the version-specific Common Files folder for this library.
            
            [Runtime Files]\Common Files\Sage\&lt;LibrarySetId&gt;\&lt;Library Name&gt;\&lt;LibraryVersion&gt;
            </summary>
            <param name="sharedLibrariesLocation">The shared libraries location (typically supplied by Sage.Configuration.LibraryManager.SharedLibrariesLocation (Sage.LS2.Core.LibraryManager.dll)</param>
        </member>
        <member name="P:Sage.CM.HostingFramework.LinkedSource.LibraryConstants.VersionSpecific.LibraryRelativePath">
            <summary>
            A version-specific relative path for this library.
            
            &lt;LibrarySetId&gt;\&lt;Library Name&gt;\&lt;LibraryVersion&gt;
            </summary>
        </member>
        <member name="P:Sage.CM.HostingFramework.LinkedSource.LibraryConstants.VersionSpecific.LibraryRegistryKeyName">
            <summary>
            The name of the version-specific registry key name for this library.
            
            SOFTWARE\Sage\&lt;LibrarySetId&gt;\&lt;Library Name&gt;\&lt;LibraryVersion&gt;
            </summary>
        </member>
        <member name="M:Sage.CM.HostingFramework.LinkedSource.LibraryConstants.VersionIndependent.LibraryApplicationDataFolder(System.String)">
            <summary>
            The path to the version-independent Application Data folder for this library.
            
            [Runtime Files]\Documents and Settings\All Users\Application Data\Sage\&lt;LibrarySetId&gt;\&lt;Library Name&gt;
            </summary>
            <param name="sharedConfigLocation">The shared config location (typically supplied by Sage.Configuration.LibraryManager.SharedConfigLocation (Sage.LS2.Core.LibraryManager.dll)</param>
        </member>
        <member name="M:Sage.CM.HostingFramework.LinkedSource.LibraryConstants.VersionIndependent.LibraryCommonFilesFolder(System.String)">
            <summary>
            The path to the version-independent Common Files folder for this library.
            
            [Runtime Files]\Common Files\Sage\&lt;LibrarySetId&gt;\&lt;Library Name&gt;
            </summary>
            <param name="sharedLibrariesLocation">The shared libraries location (typically supplied by Sage.Configuration.LibraryManager.SharedLibrariesLocation (Sage.LS2.Core.LibraryManager.dll)</param>
        </member>
        <member name="P:Sage.CM.HostingFramework.LinkedSource.LibraryConstants.VersionIndependent.LibraryRelativePath">
            <summary>
            A version-independent relative path for this library.
            
            &lt;LibrarySetId&gt;\&lt;Library Name&gt;
            </summary>
        </member>
        <member name="P:Sage.CM.HostingFramework.LinkedSource.LibraryConstants.VersionIndependent.LibraryRegistryKeyName">
            <summary>
            The name of the version-independent registry key name for this library.
            
            SOFTWARE\Sage\&lt;LibrarySetId&gt;\&lt;Library Name&gt;
            </summary>
        </member>
        <member name="T:Sage.CRE.HostingFramework.Interfaces.AppDomainStaticDataKey">
            <summary>
            Possible keys for the app domain static data dictionary
            </summary>
        </member>
        <member name="F:Sage.CRE.HostingFramework.Interfaces.AppDomainStaticDataKey.None">
            <summary>
            Default initializer value
            </summary>
        </member>
        <member name="F:Sage.CRE.HostingFramework.Interfaces.AppDomainStaticDataKey.IsStopping">
            <summary>
            Indicate whether the hosting framework is stopping
            </summary>
        </member>
        <member name="T:Sage.CRE.HostingFramework.Interfaces.AppDomainStaticData">
            <summary>
            Class to hold static data per app domain for each hosted service
            </summary>
        </member>
        <member name="F:Sage.CRE.HostingFramework.Interfaces.AppDomainStaticData._dictionary">
            <summary>
            Specific IDictionary implementation that we're using
            </summary>
        </member>
        <member name="P:Sage.CRE.HostingFramework.Interfaces.AppDomainStaticData.Dictionary">
            <summary>
            Accessor for the internal IDictionary implementation
            </summary>
        </member>
        <member name="T:Sage.CRE.HostingFramework.Interfaces.Constants">
            <summary>
            
            </summary>
        </member>
        <member name="F:Sage.CRE.HostingFramework.Interfaces.Constants.SERVICE_NAMESPACE">
            <summary>
            
            </summary>
        </member>
        <member name="T:Sage.CRE.HostingFramework.Interfaces.ExitCode">
            <summary>
            Types of results we can get from running install, start, etc.
            </summary>
        </member>
        <member name="F:Sage.CRE.HostingFramework.Interfaces.ExitCode.Success">
            <summary>
            Started successfully
            </summary>
        </member>
        <member name="F:Sage.CRE.HostingFramework.Interfaces.ExitCode.Fail">
            <summary>
            Failed, generic case
            </summary>
        </member>
        <member name="F:Sage.CRE.HostingFramework.Interfaces.ExitCode.FailInvalidLogin">
            <summary>
            Failed due to an invalid login
            </summary>
        </member>
        <member name="F:Sage.CRE.HostingFramework.Interfaces.ExitCode.FailAccountNameInvalid">
            <summary>
            Either the account name does not exist, or it is invalid for our purposes
            </summary>
        </member>
        <member name="F:Sage.CRE.HostingFramework.Interfaces.ExitCode.FailAccountFolderAccess">
            <summary>
            The account the service is running as does not have the expected
            Access to the app data folder created on install
            </summary>
        </member>
        <member name="F:Sage.CRE.HostingFramework.Interfaces.ExitCode.FailWaitForServiceReady">
            <summary>
            On a call to start or restart, we failed to get the "ready" status from
            The service in the prescribed amount of time, and after the requested
            Number of retry attempts
            </summary>
        </member>
        <member name="F:Sage.CRE.HostingFramework.Interfaces.ExitCode.Unknown">
            <summary>
            Provide an unknown value
            Do not set this one to zero as normal for "none" enum
            Since a zero exit code is associated with success
            </summary>
        </member>
        <member name="T:Sage.CRE.HostingFramework.Interfaces.IHostSupervisor">
            <summary>
            
            </summary>
            
        </member>
        <member name="M:Sage.CRE.HostingFramework.Interfaces.IHostSupervisor.RegisterService(Sage.CRE.HostingFramework.Interfaces.ServiceInfo)">
            <summary>
            
            </summary>
            <param name="serviceInfo"></param>
        </member>
        <member name="M:Sage.CRE.HostingFramework.Interfaces.IHostSupervisor.UnregisterService(System.String)">
            <summary>
            
            </summary>
            <param name="name"></param>
        </member>
        <member name="M:Sage.CRE.HostingFramework.Interfaces.IHostSupervisor.UpdateServiceStatus(System.String,System.ServiceModel.CommunicationState)">
            <summary>
            
            </summary>
            <param name="name"></param>
            <param name="serviceStatus"></param>
        </member>
        <member name="M:Sage.CRE.HostingFramework.Interfaces.IHostSupervisor.GetServiceInfo">
            <summary>
            
            </summary>
            <returns></returns>
        </member>
        <member name="T:Sage.CRE.HostingFramework.Interfaces.IMonitorService">
            <summary>
            Provides information to the monitor
            </summary>
        </member>
        <member name="M:Sage.CRE.HostingFramework.Interfaces.IMonitorService.GetVersion">
            <summary>
            
            </summary>
            <returns></returns>
        </member>
        <member name="M:Sage.CRE.HostingFramework.Interfaces.IMonitorService.GetUpSinceDateTime">
            <summary>
            
            </summary>
            <returns></returns>=
        </member>
        <member name="M:Sage.CRE.HostingFramework.Interfaces.IMonitorService.GetStatus">
            <summary>
            
            </summary>
            <returns></returns>
        </member>
        <member name="M:Sage.CRE.HostingFramework.Interfaces.IMonitorService.GetServer">
            <summary>
            
            </summary>
            <returns></returns>
        </member>
        <member name="T:Sage.CRE.HostingFramework.Interfaces.ICatalogService">
            <summary>
            
            </summary>
        </member>
        <member name="M:Sage.CRE.HostingFramework.Interfaces.ICatalogService.GetServiceInfo">
            <summary>
            
            </summary>
            <returns></returns>
        </member>
        <member name="M:Sage.CRE.HostingFramework.Interfaces.ICatalogService.GetServiceInfoByName(System.String)">
            <summary>
            
            </summary>
            <param name="serviceName"></param>
            <returns></returns>
        </member>
        <member name="M:Sage.CRE.HostingFramework.Interfaces.ICatalogService.GetServiceUri(System.String,System.String)">
            <summary>
            
            </summary>
            <param name="serviceName"></param>
            <param name="scheme"></param>
            <returns></returns>
        </member>
        <member name="M:Sage.CRE.HostingFramework.Interfaces.ICatalogService.GetServiceWithAddressUri(System.String,System.String,System.String)">
            <summary>
            
            </summary>
            <param name="serviceName"></param>
            <param name="address"></param>
            <param name="scheme"></param>
            <returns></returns>
        </member>
        <member name="T:Sage.CRE.HostingFramework.Interfaces.SingletonServiceControlAttribute">
            <summary>
            Used on singleton WCF services (i.e., those with InstanceContextMode.Single) to describe 
            which methods should be invoked when the service starts or stops.
            </summary>
        </member>
        <member name="M:Sage.CRE.HostingFramework.Interfaces.SingletonServiceControlAttribute.#ctor">
            <summary>
            
            </summary>
        </member>
        <member name="P:Sage.CRE.HostingFramework.Interfaces.SingletonServiceControlAttribute.StartMethod">
            <summary>
            The name of the public instance method that should be called on service startup
            </summary>
        </member>
        <member name="P:Sage.CRE.HostingFramework.Interfaces.SingletonServiceControlAttribute.StopMethod">
            <summary>
            The name of the public instance method that should be called on service shutdown
            </summary>
        </member>
        <member name="T:Sage.CRE.HostingFramework.Interfaces.ServiceInfo">
            <summary>
            
            </summary>
        </member>
        <member name="M:Sage.CRE.HostingFramework.Interfaces.ServiceInfo.#ctor(System.String,System.String,System.String,System.Collections.Generic.IEnumerable{System.Uri})">
            <summary>
            
            </summary>
            <param name="configurationName"></param>
            <param name="description"></param>
            <param name="appDomainId"></param>
            <param name="uris"></param>
        </member>
        <member name="M:Sage.CRE.HostingFramework.Interfaces.ServiceInfo.ToString">
            <summary>
            
            </summary>
            <returns></returns>
        </member>
        <member name="P:Sage.CRE.HostingFramework.Interfaces.ServiceInfo.ConfigurationName">
            <summary>
            
            </summary>
        </member>
        <member name="P:Sage.CRE.HostingFramework.Interfaces.ServiceInfo.Description">
            <summary>
            
            </summary>
        </member>
        <member name="P:Sage.CRE.HostingFramework.Interfaces.ServiceInfo.AppDomainId">
            <summary>
            
            </summary>
        </member>
        <member name="P:Sage.CRE.HostingFramework.Interfaces.ServiceInfo.Uris">
            <summary>
            
            </summary>
        </member>
        <member name="P:Sage.CRE.HostingFramework.Interfaces.ServiceInfo.CommunicationState">
            <summary>
            
            </summary>
        </member>
        <member name="T:Sage.CRE.HostingFramework.Interfaces.Status">
            <summary>
            
            </summary>
        </member>
        <member name="F:Sage.CRE.HostingFramework.Interfaces.Status.Ready">
            <summary>
            
            </summary>
        </member>
        <member name="F:Sage.CRE.HostingFramework.Interfaces.Status.SevicingRequest">
            <summary>
            
            </summary>
        </member>
        <member name="F:Sage.CRE.HostingFramework.Interfaces.Status.Recycling">
            <summary>
            
            </summary>
        </member>
    </members>
</doc>
